Path,Category,Answer from Llama
/content/Dataset_simple_sketch/test/airplane/13.png,airplane,**Prediction:** speed-boat
/content/Dataset_simple_sketch/test/airplane/17.png,airplane,**Prediction:** Crocodile
/content/Dataset_simple_sketch/test/airplane/19.png,airplane,**Prediction:** Mosquito
/content/Dataset_simple_sketch/test/airplane/36.png,airplane,**Prediction:** windmill
/content/Dataset_simple_sketch/test/airplane/37.png,airplane,**Prediction:** airplane
/content/Dataset_simple_sketch/test/airplane/38.png,airplane,**Prediction:** Crocodile
/content/Dataset_simple_sketch/test/airplane/42.png,airplane,**Prediction:** Airplane
/content/Dataset_simple_sketch/test/airplane/46.png,airplane,**Prediction:** Parachute
/content/Dataset_simple_sketch/test/airplane/48.png,airplane,**Prediction:** Airplane
/content/Dataset_simple_sketch/test/airplane/52.png,airplane,**Prediction:** Airplane
/content/Dataset_simple_sketch/test/airplane/56.png,airplane,**Prediction:** airplane
/content/Dataset_simple_sketch/test/airplane/59.png,airplane,**Prediction:** Crane
/content/Dataset_simple_sketch/test/airplane/67.png,airplane,**Prediction:** airplane
/content/Dataset_simple_sketch/test/airplane/68.png,airplane,**Prediction:** Airplane
/content/Dataset_simple_sketch/test/airplane/73.png,airplane,**Prediction:** airplan
/content/Dataset_simple_sketch/test/airplane/78.png,airplane,**Prediction:** ship
/content/Dataset_simple_sketch/test/alarm clock/101.png,alarm clock,**Prediction:** Alarm Clock
/content/Dataset_simple_sketch/test/alarm clock/104.png,alarm clock,**Prediction:** Alarm Clock
/content/Dataset_simple_sketch/test/alarm clock/106.png,alarm clock,**Prediction:** Alarm Clock
/content/Dataset_simple_sketch/test/alarm clock/111.png,alarm clock,"**Prediction:** bear

**Description:** The prediction is based on the probabilities provided, which indicate a high likelihood of the item being a bear. The description is based on the image provided, which appears to be a picture of a bear."
/content/Dataset_simple_sketch/test/alarm clock/115.png,alarm clock,**Prediction:** Alarm Clock
/content/Dataset_simple_sketch/test/alarm clock/119.png,alarm clock,**Prediction:** alarm clock
/content/Dataset_simple_sketch/test/alarm clock/126.png,alarm clock,**Prediction:** Alarm clock
/content/Dataset_simple_sketch/test/alarm clock/140.png,alarm clock,**Prediction:** Space Shuttle
/content/Dataset_simple_sketch/test/alarm clock/155.png,alarm clock,"**Prediction:** bear (animal)

**Description:** The probability distribution suggests that the item is most likely to be a bear (animal), with a probability of 0.10326."
/content/Dataset_simple_sketch/test/alarm clock/156.png,alarm clock,**Prediction:** Alarm Clock
/content/Dataset_simple_sketch/test/alarm clock/157.png,alarm clock,**Prediction:** TV
/content/Dataset_simple_sketch/test/alarm clock/82.png,alarm clock,**Prediction:** crane (machine)
/content/Dataset_simple_sketch/test/alarm clock/90.png,alarm clock,**Prediction:** Alarm clock
/content/Dataset_simple_sketch/test/alarm clock/96.png,alarm clock,**Prediction:** frog
/content/Dataset_simple_sketch/test/alarm clock/97.png,alarm clock,"**Prediction:** crown

**Description:** The prediction is based on the highest probability value in the given probabilities, which is 0.02875 for the item ""crown""."
/content/Dataset_simple_sketch/test/alarm clock/98.png,alarm clock,**Prediction:** alarm clock
/content/Dataset_simple_sketch/test/ant/242.png,ant,**Prediction:** rabbit
/content/Dataset_simple_sketch/test/ant/243.png,ant,**Prediction:** teddy bear
/content/Dataset_simple_sketch/test/ant/245.png,ant,**Prediction:** ant
/content/Dataset_simple_sketch/test/ant/247.png,ant,**Prediction:** ant
/content/Dataset_simple_sketch/test/ant/250.png,ant,**Prediction:** Ant
/content/Dataset_simple_sketch/test/ant/264.png,ant,**Prediction:** Ant
/content/Dataset_simple_sketch/test/ant/276.png,ant,**Prediction:** Mosquito
/content/Dataset_simple_sketch/test/ant/277.png,ant,**Prediction:** Sea Turtle
/content/Dataset_simple_sketch/test/ant/287.png,ant,**Prediction:** lion
/content/Dataset_simple_sketch/test/ant/293.png,ant,**Prediction:** Lobster
/content/Dataset_simple_sketch/test/ant/298.png,ant,**Prediction:** Pig
/content/Dataset_simple_sketch/test/ant/303.png,ant,**Prediction:** ant
/content/Dataset_simple_sketch/test/ant/307.png,ant,**Prediction:** Ant
/content/Dataset_simple_sketch/test/ant/308.png,ant,**Prediction:** ant
/content/Dataset_simple_sketch/test/ant/313.png,ant,**Prediction:** Ant
/content/Dataset_simple_sketch/test/ant/316.png,ant,**Prediction:** Ant
/content/Dataset_simple_sketch/test/arm/402.png,arm,**Prediction:** hand
/content/Dataset_simple_sketch/test/arm/403.png,arm,**Prediction:** arm
/content/Dataset_simple_sketch/test/arm/418.png,arm,**Prediction:** Person
/content/Dataset_simple_sketch/test/arm/420.png,arm,**Prediction:** Hand
/content/Dataset_simple_sketch/test/arm/429.png,arm,**Prediction:** arm
/content/Dataset_simple_sketch/test/arm/430.png,arm,**Prediction:** arm
/content/Dataset_simple_sketch/test/arm/438.png,arm,**Prediction:** arm
/content/Dataset_simple_sketch/test/arm/441.png,arm,**Prediction:** Arm
/content/Dataset_simple_sketch/test/arm/445.png,arm,**Prediction:** arm
/content/Dataset_simple_sketch/test/arm/446.png,arm,**Prediction:** Rooster
/content/Dataset_simple_sketch/test/arm/447.png,arm,**Prediction:** Crocodile
/content/Dataset_simple_sketch/test/arm/453.png,arm,**Prediction:** Ashtray
/content/Dataset_simple_sketch/test/arm/454.png,arm,**Prediction:** Seagull
/content/Dataset_simple_sketch/test/arm/457.png,arm,**Prediction:** Hand
/content/Dataset_simple_sketch/test/arm/462.png,arm,**Prediction:** ashtray
/content/Dataset_simple_sketch/test/arm/470.png,arm,**Prediction:** Seagull
/content/Dataset_simple_sketch/test/banana/806.png,banana,**Prediction:** Dog
/content/Dataset_simple_sketch/test/banana/810.png,banana,**Prediction:** Banana
/content/Dataset_simple_sketch/test/banana/817.png,banana,**Prediction:** Banana
/content/Dataset_simple_sketch/test/banana/829.png,banana,**Prediction:** Speed-boat
/content/Dataset_simple_sketch/test/banana/831.png,banana,"**Prediction:** speed-boat

**Description:** The prediction is based on the probabilities provided, which indicate a high likelihood of the item being a speed-boat. The description suggests that the item is a type of boat that is designed for speed, which is consistent with the prediction."
/content/Dataset_simple_sketch/test/banana/834.png,banana,**Prediction:** Banana
/content/Dataset_simple_sketch/test/banana/837.png,banana,**Prediction:** Banana
/content/Dataset_simple_sketch/test/banana/848.png,banana,**Prediction:** Banana
/content/Dataset_simple_sketch/test/banana/851.png,banana,**Prediction:** Banana
/content/Dataset_simple_sketch/test/banana/855.png,banana,**Prediction:** Banana
/content/Dataset_simple_sketch/test/banana/857.png,banana,**Prediction:** Ashtray
/content/Dataset_simple_sketch/test/banana/861.png,banana,**Prediction:** Person
/content/Dataset_simple_sketch/test/banana/865.png,banana,"**Prediction:** ashtray

**Description:** The prediction is based on the probabilities provided, which indicate a high likelihood of the item being an ashtray. The probabilities are highest for ashtray, with a value of 0.00583, indicating a strong match. The description provided suggests that the item is a line drawing of a bag, which does not match the prediction. However, upon closer inspection of the image, it appears to be a drawing of an ashtray, which is a common object found in a living room or bedroom."
/content/Dataset_simple_sketch/test/banana/866.png,banana,**Prediction:** banana
/content/Dataset_simple_sketch/test/banana/869.png,banana,**Prediction:** Mosquito
/content/Dataset_simple_sketch/test/banana/871.png,banana,**Prediction:** Bush
/content/Dataset_simple_sketch/test/binoculars/1763.png,binoculars,**Prediction:** binoculars
/content/Dataset_simple_sketch/test/binoculars/1770.png,binoculars,**Prediction:** fish
/content/Dataset_simple_sketch/test/binoculars/1778.png,binoculars,**Prediction:** truck
/content/Dataset_simple_sketch/test/binoculars/1780.png,binoculars,**Prediction:** frog
/content/Dataset_simple_sketch/test/binoculars/1785.png,binoculars,**Prediction:** skyscraper
/content/Dataset_simple_sketch/test/binoculars/1789.png,binoculars,**Prediction:** Snowboard
/content/Dataset_simple_sketch/test/binoculars/1795.png,binoculars,**Prediction:** tractor
/content/Dataset_simple_sketch/test/binoculars/1801.png,binoculars,"**Prediction:** eyeglasses

**Description:** The probability distribution suggests that the item is most likely eyeglasses, with a high probability value of 0.09098. The description also matches the given probabilities, with the item being drawn on a white background, which is a common way to depict eyeglasses in images."
/content/Dataset_simple_sketch/test/binoculars/1804.png,binoculars,**Prediction:** ashtray
/content/Dataset_simple_sketch/test/binoculars/1811.png,binoculars,"**Prediction:** chandelier

**Description:** The prediction is based on the probability distribution provided, which suggests that the item is most likely a chandelier with a probability of 0.01234. The description is based on the provided details, which indicate that the item is a decorative piece with a prominent shape and form."
/content/Dataset_simple_sketch/test/binoculars/1813.png,binoculars,**Prediction:** Castle
/content/Dataset_simple_sketch/test/binoculars/1818.png,binoculars,**Prediction:** truck
/content/Dataset_simple_sketch/test/binoculars/1819.png,binoculars,**Prediction:** Elephant
/content/Dataset_simple_sketch/test/binoculars/1825.png,binoculars,**Prediction:** binoculars
/content/Dataset_simple_sketch/test/binoculars/1826.png,binoculars,"**Prediction:** crane (machine)

**Description:** The prediction is based on the highest probability value, which is 0.16765, indicating that the item is most likely a crane (machine)."
/content/Dataset_simple_sketch/test/binoculars/1840.png,binoculars,**Prediction:** Frog
/content/Dataset_simple_sketch/test/bulldozer/2567.png,bulldozer,**Prediction:** Bulldozer
/content/Dataset_simple_sketch/test/bulldozer/2568.png,bulldozer,**Prediction:** tractor
/content/Dataset_simple_sketch/test/bulldozer/2569.png,bulldozer,**Prediction:** Truck
/content/Dataset_simple_sketch/test/bulldozer/2578.png,bulldozer,**Prediction:** Bulldozer
/content/Dataset_simple_sketch/test/bulldozer/2580.png,bulldozer,**Prediction:** Bulldozer
/content/Dataset_simple_sketch/test/bulldozer/2584.png,bulldozer,**Prediction:** bulldozer
/content/Dataset_simple_sketch/test/bulldozer/2596.png,bulldozer,**Prediction:** Truck
/content/Dataset_simple_sketch/test/bulldozer/2610.png,bulldozer,**Prediction:** Bulldozer
/content/Dataset_simple_sketch/test/bulldozer/2614.png,bulldozer,**Prediction:** Bulldozer
/content/Dataset_simple_sketch/test/bulldozer/2615.png,bulldozer,**Prediction:** Truck
/content/Dataset_simple_sketch/test/bulldozer/2616.png,bulldozer,**Prediction:** Tractor
/content/Dataset_simple_sketch/test/bulldozer/2618.png,bulldozer,**Prediction:** Bulldozer
/content/Dataset_simple_sketch/test/bulldozer/2620.png,bulldozer,**Prediction:** Truck
/content/Dataset_simple_sketch/test/bulldozer/2627.png,bulldozer,**Prediction:** Bulldozer
/content/Dataset_simple_sketch/test/bulldozer/2634.png,bulldozer,**Prediction:** Tractor
/content/Dataset_simple_sketch/test/bulldozer/2638.png,bulldozer,**Prediction:** Bulldozer
/content/Dataset_simple_sketch/test/cell phone/3922.png,cell phone,**Prediction:** Cell Phone
/content/Dataset_simple_sketch/test/cell phone/3926.png,cell phone,**Prediction:** cell phone
/content/Dataset_simple_sketch/test/cell phone/3929.png,cell phone,**Prediction:** Cell phone
/content/Dataset_simple_sketch/test/cell phone/3937.png,cell phone,**Prediction:** Cell phone
/content/Dataset_simple_sketch/test/cell phone/3942.png,cell phone,**Prediction:** Santa Claus
/content/Dataset_simple_sketch/test/cell phone/3945.png,cell phone,**Prediction:** Calculator
/content/Dataset_simple_sketch/test/cell phone/3948.png,cell phone,**Prediction:** TV
/content/Dataset_simple_sketch/test/cell phone/3950.png,cell phone,**Prediction:** Cell phone
/content/Dataset_simple_sketch/test/cell phone/3958.png,cell phone,**Prediction:** cell phone
/content/Dataset_simple_sketch/test/cell phone/3959.png,cell phone,**Prediction:** Cell phone
/content/Dataset_simple_sketch/test/cell phone/3962.png,cell phone,**Prediction:** Cell phone
/content/Dataset_simple_sketch/test/cell phone/3974.png,cell phone,**Prediction:** cell phone
/content/Dataset_simple_sketch/test/cell phone/3976.png,cell phone,**Prediction:** Cell phone
/content/Dataset_simple_sketch/test/cell phone/3992.png,cell phone,**Prediction:** Cell phone
/content/Dataset_simple_sketch/test/cell phone/3998.png,cell phone,**Prediction:** Cell phone
/content/Dataset_simple_sketch/test/cell phone/4000.png,cell phone,**Prediction:** Cell Phone
/content/Dataset_simple_sketch/test/cow/4728.png,cow,**Prediction:** Lion
/content/Dataset_simple_sketch/test/cow/4729.png,cow,**Prediction:** Cow
/content/Dataset_simple_sketch/test/cow/4734.png,cow,**Prediction:** Pig
/content/Dataset_simple_sketch/test/cow/4735.png,cow,**Prediction:** Cow
/content/Dataset_simple_sketch/test/cow/4737.png,cow,**Prediction:** Lion
/content/Dataset_simple_sketch/test/cow/4741.png,cow,**Prediction:** Horse
/content/Dataset_simple_sketch/test/cow/4748.png,cow,**Prediction:** Elephant
/content/Dataset_simple_sketch/test/cow/4751.png,cow,**Prediction:** Cow
/content/Dataset_simple_sketch/test/cow/4757.png,cow,**Prediction:** Horse
/content/Dataset_simple_sketch/test/cow/4758.png,cow,**Prediction:** Cow
/content/Dataset_simple_sketch/test/cow/4775.png,cow,**Prediction:** Cow
/content/Dataset_simple_sketch/test/cow/4781.png,cow,**Prediction:** Cow
/content/Dataset_simple_sketch/test/cow/4782.png,cow,**Prediction:** Cow
/content/Dataset_simple_sketch/test/cow/4791.png,cow,**Prediction:** Lion
/content/Dataset_simple_sketch/test/cow/4794.png,cow,**Prediction:** Dog
/content/Dataset_simple_sketch/test/cow/4798.png,cow,**Prediction:** Cow
/content/Dataset_simple_sketch/test/dragon/5681.png,dragon,**Prediction:** Dragon
/content/Dataset_simple_sketch/test/dragon/5683.png,dragon,**Prediction:** Tiger
/content/Dataset_simple_sketch/test/dragon/5688.png,dragon,**Prediction:** dragon
/content/Dataset_simple_sketch/test/dragon/5692.png,dragon,**Prediction:** dragon
/content/Dataset_simple_sketch/test/dragon/5696.png,dragon,**Prediction:** Dragon
/content/Dataset_simple_sketch/test/dragon/5698.png,dragon,**Prediction:** dragon
/content/Dataset_simple_sketch/test/dragon/5707.png,dragon,**Prediction:** parrot
/content/Dataset_simple_sketch/test/dragon/5709.png,dragon,**Prediction:** Crab
/content/Dataset_simple_sketch/test/dragon/5711.png,dragon,**Prediction:** Rooster
/content/Dataset_simple_sketch/test/dragon/5715.png,dragon,**Prediction:** Mermaid
/content/Dataset_simple_sketch/test/dragon/5719.png,dragon,**Prediction:** scorpion
/content/Dataset_simple_sketch/test/dragon/5723.png,dragon,**Prediction:** Lion
/content/Dataset_simple_sketch/test/dragon/5724.png,dragon,**Prediction:** fish
/content/Dataset_simple_sketch/test/dragon/5726.png,dragon,**Prediction:** Dragon
/content/Dataset_simple_sketch/test/dragon/5749.png,dragon,**Prediction:** Kangaroo
/content/Dataset_simple_sketch/test/dragon/5756.png,dragon,**Prediction:** Dragon
/content/Dataset_simple_sketch/test/elephant/5921.png,elephant,**Prediction:** Elephant
/content/Dataset_simple_sketch/test/elephant/5927.png,elephant,**Prediction:** camel
/content/Dataset_simple_sketch/test/elephant/5930.png,elephant,**Prediction:** Elephant
/content/Dataset_simple_sketch/test/elephant/5939.png,elephant,**Prediction:** Elephant
/content/Dataset_simple_sketch/test/elephant/5943.png,elephant,**Prediction:** Cow
/content/Dataset_simple_sketch/test/elephant/5945.png,elephant,**Prediction:** Elephant
/content/Dataset_simple_sketch/test/elephant/5946.png,elephant,**Prediction:** Elephant
/content/Dataset_simple_sketch/test/elephant/5969.png,elephant,**Prediction:** Lion
/content/Dataset_simple_sketch/test/elephant/5970.png,elephant,**Prediction:** Elephant
/content/Dataset_simple_sketch/test/elephant/5972.png,elephant,**Prediction:** Elephant
/content/Dataset_simple_sketch/test/elephant/5976.png,elephant,**Prediction:** Elephant
/content/Dataset_simple_sketch/test/elephant/5977.png,elephant,**Prediction:** Dog
/content/Dataset_simple_sketch/test/elephant/5978.png,elephant,**Prediction:** Elephant
/content/Dataset_simple_sketch/test/elephant/5990.png,elephant,**Prediction:** Elephant
/content/Dataset_simple_sketch/test/elephant/5997.png,elephant,**Prediction:** Elephant
/content/Dataset_simple_sketch/test/elephant/5998.png,elephant,**Prediction:** Elephant
/content/Dataset_simple_sketch/test/hand/7841.png,hand,**Prediction:** hand
/content/Dataset_simple_sketch/test/hand/7851.png,hand,**Prediction:** hand
/content/Dataset_simple_sketch/test/hand/7856.png,hand,**Prediction:** Hand
/content/Dataset_simple_sketch/test/hand/7864.png,hand,**Prediction:** Hand
/content/Dataset_simple_sketch/test/hand/7873.png,hand,**Prediction:** parrot
/content/Dataset_simple_sketch/test/hand/7879.png,hand,**Prediction:** seagull
/content/Dataset_simple_sketch/test/hand/7881.png,hand,**Prediction:** hand
/content/Dataset_simple_sketch/test/hand/7884.png,hand,**Prediction:** Hand
/content/Dataset_simple_sketch/test/hand/7886.png,hand,**Prediction:** Hand
/content/Dataset_simple_sketch/test/hand/7887.png,hand,**Prediction:** Kangaroo
/content/Dataset_simple_sketch/test/hand/7888.png,hand,**Prediction:** Hand
/content/Dataset_simple_sketch/test/hand/7889.png,hand,**Prediction:** Hand
/content/Dataset_simple_sketch/test/hand/7899.png,hand,**Prediction:** hand
/content/Dataset_simple_sketch/test/hand/7905.png,hand,**Prediction:** hand
/content/Dataset_simple_sketch/test/hand/7909.png,hand,**Prediction:** hand
/content/Dataset_simple_sketch/test/hand/7911.png,hand,**Prediction:** Hand
/content/Dataset_simple_sketch/test/mug/10965.png,mug,**Prediction:** Coffee Mug
/content/Dataset_simple_sketch/test/mug/10966.png,mug,**Prediction:** Frog
/content/Dataset_simple_sketch/test/mug/10969.png,mug,**Prediction:** Fire Hydrant
/content/Dataset_simple_sketch/test/mug/10971.png,mug,"**Prediction:** Vase

**Description:** The item in the image is a mug, which is a type of ceramic container with a handle and a spout. It serves as a water jug and is typically obtained from a local hardware store. It can be found or used in various places such as the kitchen, bathroom, bedroom, living room, and more."
/content/Dataset_simple_sketch/test/mug/10977.png,mug,**Prediction:** Mug
/content/Dataset_simple_sketch/test/mug/10985.png,mug,**Prediction:** cup
/content/Dataset_simple_sketch/test/mug/10991.png,mug,**Prediction:** Mug
/content/Dataset_simple_sketch/test/mug/10999.png,mug,**Prediction:** Fire Hydrant
/content/Dataset_simple_sketch/test/mug/11014.png,mug,**Prediction:** Mug
/content/Dataset_simple_sketch/test/mug/11017.png,mug,"**Prediction:** Bed

The prediction is based on the probability of the item being a bed, which is 0.0004."
/content/Dataset_simple_sketch/test/mug/11022.png,mug,"**Prediction:** Cup

**Description:** The item is a cup with a spout, a spherical cup with a spherical lid and a spherical body. It is a container used to hold liquids, likely coffee or tea."
/content/Dataset_simple_sketch/test/mug/11027.png,mug,**Prediction:** fire hydrant
/content/Dataset_simple_sketch/test/mug/11030.png,mug,**Prediction:** jug
/content/Dataset_simple_sketch/test/mug/11031.png,mug,**Prediction:** Cup
/content/Dataset_simple_sketch/test/mug/11038.png,mug,**Prediction:** cup
/content/Dataset_simple_sketch/test/mug/11040.png,mug,**Prediction:** Cup
/content/Dataset_simple_sketch/test/owl/11282.png,owl,**Prediction:** Panda
/content/Dataset_simple_sketch/test/owl/11285.png,owl,**Prediction:** Parrot
/content/Dataset_simple_sketch/test/owl/11289.png,owl,**Prediction:** owl
/content/Dataset_simple_sketch/test/owl/11294.png,owl,**Prediction:** Owl
/content/Dataset_simple_sketch/test/owl/11296.png,owl,**Prediction:** Monkey
/content/Dataset_simple_sketch/test/owl/11303.png,owl,**Prediction:** owl
/content/Dataset_simple_sketch/test/owl/11309.png,owl,**Prediction:** owl
/content/Dataset_simple_sketch/test/owl/11312.png,owl,**Prediction:** Monkey
/content/Dataset_simple_sketch/test/owl/11313.png,owl,**Prediction:** Owl
/content/Dataset_simple_sketch/test/owl/11314.png,owl,**Prediction:** owl
/content/Dataset_simple_sketch/test/owl/11315.png,owl,**Prediction:** owl
/content/Dataset_simple_sketch/test/owl/11320.png,owl,**Prediction:** Person
/content/Dataset_simple_sketch/test/owl/11322.png,owl,**Prediction:** Santa Claus
/content/Dataset_simple_sketch/test/owl/11328.png,owl,**Prediction:** Owl
/content/Dataset_simple_sketch/test/owl/11349.png,owl,**Prediction:** owl
/content/Dataset_simple_sketch/test/owl/11357.png,owl,**Prediction:** owl
/content/Dataset_simple_sketch/test/panda/11442.png,panda,**Prediction:** frog
/content/Dataset_simple_sketch/test/panda/11443.png,panda,**Prediction:** panda
/content/Dataset_simple_sketch/test/panda/11445.png,panda,"**Prediction:** Rooster

**Description:** The prediction is based on the highest probability value in the given probabilities, which is 0.37137, corresponding to the item ""rooster""."
/content/Dataset_simple_sketch/test/panda/11453.png,panda,**Prediction:** Monkey
/content/Dataset_simple_sketch/test/panda/11460.png,panda,**Prediction:** Snowman
/content/Dataset_simple_sketch/test/panda/11464.png,panda,**Prediction:** Panda
/content/Dataset_simple_sketch/test/panda/11466.png,panda,**Prediction:** Panda
/content/Dataset_simple_sketch/test/panda/11473.png,panda,**Prediction:** teddy bear
/content/Dataset_simple_sketch/test/panda/11474.png,panda,**Prediction:** Bear
/content/Dataset_simple_sketch/test/panda/11486.png,panda,**Prediction:** panda
/content/Dataset_simple_sketch/test/panda/11495.png,panda,**Prediction:** teddy bear
/content/Dataset_simple_sketch/test/panda/11497.png,panda,**Prediction:** Panda
/content/Dataset_simple_sketch/test/panda/11498.png,panda,**Prediction:** Bear
/content/Dataset_simple_sketch/test/panda/11505.png,panda,**Prediction:** parrot
/content/Dataset_simple_sketch/test/panda/11509.png,panda,**Prediction:** Panda
/content/Dataset_simple_sketch/test/panda/11513.png,panda,**Prediction:** Panda
/content/Dataset_simple_sketch/test/pumpkin/13121.png,pumpkin,**Prediction:** Pumpkin
/content/Dataset_simple_sketch/test/pumpkin/13124.png,pumpkin,**Prediction:** pumpkin
/content/Dataset_simple_sketch/test/pumpkin/13129.png,pumpkin,**Prediction:** Pumpkin
/content/Dataset_simple_sketch/test/pumpkin/13143.png,pumpkin,**Prediction:** Pumpkin
/content/Dataset_simple_sketch/test/pumpkin/13148.png,pumpkin,**Prediction:** microscope
/content/Dataset_simple_sketch/test/pumpkin/13163.png,pumpkin,**Prediction:** Apple
/content/Dataset_simple_sketch/test/pumpkin/13169.png,pumpkin,**Prediction:** penguin
/content/Dataset_simple_sketch/test/pumpkin/13171.png,pumpkin,**Prediction:** Pear
/content/Dataset_simple_sketch/test/pumpkin/13172.png,pumpkin,**Prediction:** Pumpkin
/content/Dataset_simple_sketch/test/pumpkin/13176.png,pumpkin,**Prediction:** Pumpkin
/content/Dataset_simple_sketch/test/pumpkin/13178.png,pumpkin,**Prediction:** Pumpkin
/content/Dataset_simple_sketch/test/pumpkin/13184.png,pumpkin,**Prediction:** pumpkin
/content/Dataset_simple_sketch/test/pumpkin/13190.png,pumpkin,**Prediction:** Pumpkin
/content/Dataset_simple_sketch/test/pumpkin/13191.png,pumpkin,**Prediction:** Pumpkin
/content/Dataset_simple_sketch/test/pumpkin/13194.png,pumpkin,**Prediction:** pumpkin
/content/Dataset_simple_sketch/test/pumpkin/13200.png,pumpkin,**Prediction:** Pumpkin
/content/Dataset_simple_sketch/test/santa claus/14001.png,santa claus,**Prediction:** Santa Claus
/content/Dataset_simple_sketch/test/santa claus/14013.png,santa claus,**Prediction:** Santa Claus
/content/Dataset_simple_sketch/test/santa claus/14017.png,santa claus,**Prediction:** Santa Claus
/content/Dataset_simple_sketch/test/santa claus/14022.png,santa claus,**Prediction:** Santa Claus
/content/Dataset_simple_sketch/test/santa claus/14025.png,santa claus,**Prediction:** Santa Claus
/content/Dataset_simple_sketch/test/santa claus/14026.png,santa claus,**Prediction:** Bulldozer
/content/Dataset_simple_sketch/test/santa claus/14028.png,santa claus,**Prediction:** Santa Claus
/content/Dataset_simple_sketch/test/santa claus/14029.png,santa claus,**Prediction:** Santa Claus
/content/Dataset_simple_sketch/test/santa claus/14030.png,santa claus,**Prediction:** Santa Claus
/content/Dataset_simple_sketch/test/santa claus/14034.png,santa claus,**Prediction:** Santa Claus
/content/Dataset_simple_sketch/test/santa claus/14040.png,santa claus,**Prediction:** Santa Claus
/content/Dataset_simple_sketch/test/santa claus/14043.png,santa claus,**Prediction:** Santa Claus
/content/Dataset_simple_sketch/test/santa claus/14045.png,santa claus,**Prediction:** Santa
/content/Dataset_simple_sketch/test/santa claus/14054.png,santa claus,**Prediction:** Santa Claus
/content/Dataset_simple_sketch/test/santa claus/14064.png,santa claus,**Prediction:** scorpion
/content/Dataset_simple_sketch/test/santa claus/14068.png,santa claus,**Prediction:** bulldozer
/content/Dataset_simple_sketch/test/satellite dish/14161.png,satellite dish,**Prediction:** Satellite Dish
/content/Dataset_simple_sketch/test/satellite dish/14173.png,satellite dish,**Prediction:** bulldozer
/content/Dataset_simple_sketch/test/satellite dish/14177.png,satellite dish,**Prediction:** Parachute
/content/Dataset_simple_sketch/test/satellite dish/14186.png,satellite dish,**Prediction:** Satellite
/content/Dataset_simple_sketch/test/satellite dish/14187.png,satellite dish,"**Prediction:** Satellite

**Description:** The prediction is based on the probability of ""satellite"" being the highest among all the given options. The description provided is not directly related to the prediction, but it seems to be a description of the image, mentioning a teddy bear and a hole in the middle of the drawing."
/content/Dataset_simple_sketch/test/satellite dish/14189.png,satellite dish,**Prediction:** ashtray
/content/Dataset_simple_sketch/test/satellite dish/14191.png,satellite dish,**Prediction:** ice-cream-cone
/content/Dataset_simple_sketch/test/satellite dish/14195.png,satellite dish,**Prediction:** Satellite
/content/Dataset_simple_sketch/test/satellite dish/14201.png,satellite dish,**Prediction:** Panda
/content/Dataset_simple_sketch/test/satellite dish/14207.png,satellite dish,**Prediction:** Microscope
/content/Dataset_simple_sketch/test/satellite dish/14215.png,satellite dish,**Prediction:** ashtray
/content/Dataset_simple_sketch/test/satellite dish/14216.png,satellite dish,**Prediction:** scorpion
/content/Dataset_simple_sketch/test/satellite dish/14225.png,satellite dish,**Prediction:** Lion
/content/Dataset_simple_sketch/test/satellite dish/14228.png,satellite dish,**Prediction:** satellite dish
/content/Dataset_simple_sketch/test/satellite dish/14235.png,satellite dish,**Prediction:** sheep
/content/Dataset_simple_sketch/test/satellite dish/14237.png,satellite dish,**Prediction:** satellite
/content/Dataset_simple_sketch/test/shoe/14961.png,shoe,**Prediction:** ashtray
/content/Dataset_simple_sketch/test/shoe/14962.png,shoe,**Prediction:** Lion
/content/Dataset_simple_sketch/test/shoe/14973.png,shoe,**Prediction:** Shoe
/content/Dataset_simple_sketch/test/shoe/14975.png,shoe,**Prediction:** snowboard
/content/Dataset_simple_sketch/test/shoe/14979.png,shoe,**Prediction:** Ashtray
/content/Dataset_simple_sketch/test/shoe/14983.png,shoe,**Prediction:** shoe
/content/Dataset_simple_sketch/test/shoe/14984.png,shoe,**Prediction:** shoe
/content/Dataset_simple_sketch/test/shoe/14991.png,shoe,**Prediction:** Rollerblades
/content/Dataset_simple_sketch/test/shoe/15005.png,shoe,**Prediction:** Dog
/content/Dataset_simple_sketch/test/shoe/15013.png,shoe,**Prediction:** ashtray
/content/Dataset_simple_sketch/test/shoe/15016.png,shoe,**Prediction:** shoe
/content/Dataset_simple_sketch/test/shoe/15019.png,shoe,**Prediction:** Snowboard
/content/Dataset_simple_sketch/test/shoe/15027.png,shoe,**Prediction:** Shoe
/content/Dataset_simple_sketch/test/shoe/15028.png,shoe,**Prediction:** Shoe
/content/Dataset_simple_sketch/test/shoe/15031.png,shoe,**Prediction:** Ship
/content/Dataset_simple_sketch/test/shoe/15034.png,shoe,**Prediction:** Parachute
/content/Dataset_simple_sketch/test/space shuttle/15764.png,space shuttle,**Prediction:** Space Shuttle
/content/Dataset_simple_sketch/test/space shuttle/15765.png,space shuttle,**Prediction:** Space Shuttle
/content/Dataset_simple_sketch/test/space shuttle/15766.png,space shuttle,**Prediction:** Space Shuttle
/content/Dataset_simple_sketch/test/space shuttle/15789.png,space shuttle,**Prediction:** Santa Claus
/content/Dataset_simple_sketch/test/space shuttle/15798.png,space shuttle,**Prediction:** seagull
/content/Dataset_simple_sketch/test/space shuttle/15799.png,space shuttle,**Prediction:** Space Shuttle
/content/Dataset_simple_sketch/test/space shuttle/15803.png,space shuttle,**Prediction:** Space Shuttle
/content/Dataset_simple_sketch/test/space shuttle/15804.png,space shuttle,**Prediction:** Space Shuttle
/content/Dataset_simple_sketch/test/space shuttle/15807.png,space shuttle,**Prediction:** seagull
/content/Dataset_simple_sketch/test/space shuttle/15810.png,space shuttle,**Prediction:** SpongeBob
/content/Dataset_simple_sketch/test/space shuttle/15814.png,space shuttle,**Prediction:** Space Shuttle
/content/Dataset_simple_sketch/test/space shuttle/15815.png,space shuttle,**Prediction:** Space Shuttle
/content/Dataset_simple_sketch/test/space shuttle/15825.png,space shuttle,**Prediction:** Space Shuttle
/content/Dataset_simple_sketch/test/space shuttle/15828.png,space shuttle,**Prediction:** Space Shuttle
/content/Dataset_simple_sketch/test/space shuttle/15834.png,space shuttle,**Prediction:** Satellite Dish
/content/Dataset_simple_sketch/test/space shuttle/15838.png,space shuttle,**Prediction:** Parrot
/content/Dataset_simple_sketch/test/stapler/16323.png,stapler,**Prediction:** Ashtray
/content/Dataset_simple_sketch/test/stapler/16325.png,stapler,**Prediction:** Bed
/content/Dataset_simple_sketch/test/stapler/16326.png,stapler,**Prediction:** Ashtray
/content/Dataset_simple_sketch/test/stapler/16332.png,stapler,**Prediction:** Snowboard
/content/Dataset_simple_sketch/test/stapler/16335.png,stapler,**Prediction:** Wheelbarrow
/content/Dataset_simple_sketch/test/stapler/16336.png,stapler,**Prediction:** Stapler
/content/Dataset_simple_sketch/test/stapler/16361.png,stapler,**Prediction:** scissor
/content/Dataset_simple_sketch/test/stapler/16366.png,stapler,**Prediction:** Stapler
/content/Dataset_simple_sketch/test/stapler/16370.png,stapler,**Prediction:** Speed Boat
/content/Dataset_simple_sketch/test/stapler/16371.png,stapler,**Prediction:** Stapler
/content/Dataset_simple_sketch/test/stapler/16373.png,stapler,**Prediction:** Bed
/content/Dataset_simple_sketch/test/stapler/16375.png,stapler,"**Prediction:** Bed

The prediction is based on the probability distribution provided, which indicates that the item is most likely a bed, with a probability of 0.21931."
/content/Dataset_simple_sketch/test/stapler/16376.png,stapler,**Prediction:** Stapler
/content/Dataset_simple_sketch/test/stapler/16382.png,stapler,**Prediction:** Bed
/content/Dataset_simple_sketch/test/stapler/16389.png,stapler,**Prediction:** Ashtray
/content/Dataset_simple_sketch/test/stapler/16400.png,stapler,**Prediction:** Ashtray
/content/Dataset_simple_sketch/test/teapot/17443.png,teapot,**Prediction:** Teapot
/content/Dataset_simple_sketch/test/teapot/17445.png,teapot,**Prediction:** cup
/content/Dataset_simple_sketch/test/teapot/17454.png,teapot,**Prediction:** Cup
/content/Dataset_simple_sketch/test/teapot/17461.png,teapot,**Prediction:** teapot
/content/Dataset_simple_sketch/test/teapot/17464.png,teapot,**Prediction:** Cup
/content/Dataset_simple_sketch/test/teapot/17475.png,teapot,**Prediction:** Lobster
/content/Dataset_simple_sketch/test/teapot/17476.png,teapot,**Prediction:** Teapot
/content/Dataset_simple_sketch/test/teapot/17488.png,teapot,**Prediction:** Bear
/content/Dataset_simple_sketch/test/teapot/17495.png,teapot,**Prediction:** Snake
/content/Dataset_simple_sketch/test/teapot/17497.png,teapot,**Prediction:** Santa Claus
/content/Dataset_simple_sketch/test/teapot/17503.png,teapot,**Prediction:** Teapot
/content/Dataset_simple_sketch/test/teapot/17505.png,teapot,**Prediction:** Sea Turtle
/content/Dataset_simple_sketch/test/teapot/17507.png,teapot,"**Prediction:** Vase

**Description:** The item in the image is a vase with a pencil, which is a single line drawing of a cup and a pencil."
/content/Dataset_simple_sketch/test/teapot/17509.png,teapot,**Prediction:** Crab
/content/Dataset_simple_sketch/test/teapot/17512.png,teapot,**Prediction:** teapot
/content/Dataset_simple_sketch/test/teapot/17517.png,teapot,**Prediction:** Teapot
/content/Dataset_simple_sketch/test/tomato/18082.png,tomato,**Prediction:** Tomato
/content/Dataset_simple_sketch/test/tomato/18086.png,tomato,**Prediction:** Tomato
/content/Dataset_simple_sketch/test/tomato/18089.png,tomato,**Prediction:** Tomato
/content/Dataset_simple_sketch/test/tomato/18092.png,tomato,**Prediction:** Apple
/content/Dataset_simple_sketch/test/tomato/18098.png,tomato,**Prediction:** Tomato
/content/Dataset_simple_sketch/test/tomato/18099.png,tomato,**Prediction:** Tomato
/content/Dataset_simple_sketch/test/tomato/18105.png,tomato,**Prediction:** Tomato
/content/Dataset_simple_sketch/test/tomato/18108.png,tomato,**Prediction:** pear
/content/Dataset_simple_sketch/test/tomato/18110.png,tomato,**Prediction:** Apple
/content/Dataset_simple_sketch/test/tomato/18124.png,tomato,**Prediction:** Tomato
/content/Dataset_simple_sketch/test/tomato/18129.png,tomato,**Prediction:** Tomato
/content/Dataset_simple_sketch/test/tomato/18137.png,tomato,"**Prediction:** Cake

Description: The item with the highest probability is cake, with a probability of 0.00379. The description suggests that the item is a fruit, specifically an apple, and it is likely that the image is of a real-world object, possibly a still life or a photograph."
/content/Dataset_simple_sketch/test/tomato/18140.png,tomato,**Prediction:** Tomato
/content/Dataset_simple_sketch/test/tomato/18144.png,tomato,**Prediction:** Tomato
/content/Dataset_simple_sketch/test/tomato/18147.png,tomato,**Prediction:** Tomato
/content/Dataset_simple_sketch/test/tomato/18157.png,tomato,**Prediction:** Cake
/content/Dataset_simple_sketch/test/trumpet/18881.png,trumpet,**Prediction:** snowboard
/content/Dataset_simple_sketch/test/trumpet/18883.png,trumpet,**Prediction:** Saxophone
/content/Dataset_simple_sketch/test/trumpet/18895.png,trumpet,**Prediction:** Saxophone
/content/Dataset_simple_sketch/test/trumpet/18907.png,trumpet,**Prediction:** crocodile
/content/Dataset_simple_sketch/test/trumpet/18911.png,trumpet,**Prediction:** Trumpet
/content/Dataset_simple_sketch/test/trumpet/18912.png,trumpet,**Prediction:** bulldozer
/content/Dataset_simple_sketch/test/trumpet/18914.png,trumpet,**Prediction:** trumpet
/content/Dataset_simple_sketch/test/trumpet/18916.png,trumpet,**Prediction:** Trumpet
/content/Dataset_simple_sketch/test/trumpet/18921.png,trumpet,**Prediction:** saxophone
/content/Dataset_simple_sketch/test/trumpet/18923.png,trumpet,**Prediction:** Trumpet
/content/Dataset_simple_sketch/test/trumpet/18936.png,trumpet,**Prediction:** wheelbarrow
/content/Dataset_simple_sketch/test/trumpet/18938.png,trumpet,**Prediction:** Dog
/content/Dataset_simple_sketch/test/trumpet/18939.png,trumpet,**Prediction:** Wheelbarrow
/content/Dataset_simple_sketch/test/trumpet/18948.png,trumpet,**Prediction:** Crocodile
/content/Dataset_simple_sketch/test/trumpet/18952.png,trumpet,**Prediction:** Trumpet
/content/Dataset_simple_sketch/test/trumpet/18958.png,trumpet,**Prediction:** Saxophone
/content/Dataset_simple_sketch/test/zebra/19941.png,zebra,**Prediction:** Zebra
/content/Dataset_simple_sketch/test/zebra/19944.png,zebra,**Prediction:** Zebra
/content/Dataset_simple_sketch/test/zebra/19945.png,zebra,**Prediction:** Zebra
/content/Dataset_simple_sketch/test/zebra/19952.png,zebra,**Prediction:** Zebra
/content/Dataset_simple_sketch/test/zebra/19954.png,zebra,**Prediction:** Zebra
/content/Dataset_simple_sketch/test/zebra/19960.png,zebra,**Prediction:** Zebra
/content/Dataset_simple_sketch/test/zebra/19962.png,zebra,**Prediction:** scorpion
/content/Dataset_simple_sketch/test/zebra/19973.png,zebra,**Prediction:** Zebra
/content/Dataset_simple_sketch/test/zebra/19976.png,zebra,**Prediction:** Dog
/content/Dataset_simple_sketch/test/zebra/19984.png,zebra,**Prediction:** Zebra
/content/Dataset_simple_sketch/test/zebra/19986.png,zebra,**Prediction:** Zebra
/content/Dataset_simple_sketch/test/zebra/19988.png,zebra,**Prediction:** Zebra
/content/Dataset_simple_sketch/test/zebra/19995.png,zebra,**Prediction:** Zebra
/content/Dataset_simple_sketch/test/zebra/19996.png,zebra,**Prediction:** Zebra
/content/Dataset_simple_sketch/test/zebra/19998.png,zebra,**Prediction:** Zebra
/content/Dataset_simple_sketch/test/zebra/20000.png,zebra,**Prediction:** Zebra
