Path,Category,Can you describe the shape or form of the item?,What details become apparent upon closer inspection of the image?,What role does the item in the image serve?,What colors are commonly associated with the item?,How is the item typically obtained?,What are some common places where the item might be found or used?
/content/Dataset_simple_sketch/test/guitar/7604.png,guitar,ukulele ukulele ukulele ukulele ukulele ukulele ukulele uk,the shape of the ukulele,a musical instrument,black and white,from a ukulele,ukulele ukulele ukulele ukulele ukulele ukulele ukulele uk
/content/Dataset_simple_sketch/test/octopus/11201.png,octopus,octopus,the octopus has a long tail,octopus,black and white,from a zoo or aquarium,"aquariums, aquariums, aquariums, aquariums, aquariums, aquariums, aquariums, aquariums, aquariums, aquariums,"
/content/Dataset_simple_sketch/test/harp/7922.png,harp,harp,the harp is shaped like a harp,harp,black and white,in the form of a harp or harpsichord,a harp is a stringed musical instrument that is played by a harpist
/content/Dataset_simple_sketch/test/book/1922.png,book,open book,the page is open and the text is written on the page,a book,black and white,from a library,"bookshelf, library, library, library, library, library, library, library, library, library, library, library, library, library,"
/content/Dataset_simple_sketch/test/hourglass/8722.png,hourglass,spherical,the shape of the hourglass is a spherical spherical spherical spherical,a sand timer,black and white,from a sand dune,"a sand timer, a sand timer, a sand timer, a sand time"
/content/Dataset_simple_sketch/test/tractor/18325.png,tractor,a line drawing of a tractor,there is a tractor in the background,it is a tractor,black and white,from a farm,"a farm, a farmyard, a farm, a farm, a farm, a farm, a farm, "
/content/Dataset_simple_sketch/test/radio/13444.png,radio,tv,the tv has a remote control,it is a radio,black and white,from a radio station,"kitchen, bathroom, bedroom, living room, bedroom, living room, bedroom, bedroom, bedroom, bedroom, bedroom, bedroom, bedroom, bedroom,"
/content/Dataset_simple_sketch/test/bookshelf/2003.png,bookshelf,a line drawing of a shelf,there is a shelf on the right side of the image,a bookcase,black and white,from a furniture store,"kitchen, dining room, living room, bedroom, bathroom"
/content/Dataset_simple_sketch/test/bulldozer/2561.png,bulldozer,the shape of the item is a rectangle,there is a slit in the middle of the image,it is a book,black and white,it is usually obtained from a pawn shop or pawn shop,"kitchen drawers, drawers, drawers, drawers, drawers, drawers, drawers, drawers, drawers, drawers"
/content/Dataset_simple_sketch/test/ipod/9041.png,ipod,a circle with a hole in the middle,there is a hole in the middle of the paper,it is a bag,black and white,it is typically obtained as a gift from a friend or family member,"kitchen, bathroom, bedroom, living room, bedroom, living room, bedroom, bedroom, bedroom, bedroom, bedroom, bedroom, bedroom, bedroom,"
/content/Dataset_simple_sketch/test/toilet/18001.png,toilet,a toilet seat,"the shape of the toilet seat, the shape of the toilet bowl, the shape of the toilet seat, the shape of the toilet bowl, the shape",a toilet seat,black and white,from a toilet manufacturer,"bathroom, kitchen, bedroom, living room, bedroom, bathroom, kitchen, living room, bedroom, bathroom, bedroom, bathroom, bedroom, bathroom,"
/content/Dataset_simple_sketch/test/megaphone/10163.png,megaphone,a line drawing of a megaphone,a line drawing of a megaphone,a loudspeaker,black and white,it is a loudspeaker,"radios, televisions, tvs, radios, radios, tvs, radios, tvs,"
/content/Dataset_simple_sketch/test/pretzel/13042.png,pretzel,the shape of the item is a heart,"the shape of the heart is shaped like a heart, and the shape of the heart is shaped like a heart",a part of a human body,black and white,it is typically obtained from a teddy bear or a teddy bear teddy bear teddy bear,"kitchen, bathroom, bedroom, living room, bedroom, living room, bedroom, bedroom, bedroom, bedroom, bedroom, bedroom, bedroom, bedroom,"
/content/Dataset_simple_sketch/test/panda/11441.png,panda,a teddy bear,the bear is wearing a t-shirt and a hat,it is a teddy bear,black and white,"from a zoo, zoo, zoo, zoo, zoo, z","teddy bears, teddy bears, teddy bears, teddy bears, t"
/content/Dataset_simple_sketch/test/hamburger/7682.png,hamburger,burger,the burger is shaped like a hamburger,it is a burger,black and white,from a fast food restaurant,"restaurant menus, menus, menus, menus, menus, menus, menus, menus, menus, menus"
/content/Dataset_simple_sketch/test/chair/4004.png,chair,the shape of the item is oblong,the letter l is in the middle of the image,it is the letter l,black and white,it is typically obtained from a taiwanese taiwanese taiwanes,"kitchen, bathroom, bedroom, living room, bedroom, living room, bedroom, bedroom, bedroom, bedroom, bedroom, bedroom, bedroom, bedroom,"
/content/Dataset_simple_sketch/test/moon/10563.png,moon,the shape of the item is oblong,"the shape of the mouth, the shape of the teeth, and the shape of the lips",it is a part of the human body,black and white,it is usually obtained by slicing a banana in half and then slicing it in half and then slicing it,"kitchen drawers, drawers, drawers, drawers, drawers, drawers, drawers, drawers, drawers, drawers"
/content/Dataset_simple_sketch/test/stapler/16324.png,stapler,a line drawing of a stapler on a white background,a line drawing of a stapler on a white background,"a stapler, a stapler, a stapler, a stapler, a stapler, a stapler,",black and white,from a hardware store,office supplies office supplies office supplies office supplies office supplies office supplies office supplies office supplies office supplies office supplies office supplies office supplies office supplies office supplies office supplies
/content/Dataset_simple_sketch/test/axe/643.png,axe,a line drawing of a hammer on a white background,the handle of the hammer is curved,a hammer,black and white,from a hardware store,"kitchen, bathroom, bedroom, living room, bedroom, living room, bedroom, bedroom, bedroom, bedroom, bedroom, bedroom, bedroom, bedroom,"
/content/Dataset_simple_sketch/test/diamond/5203.png,diamond,heart,the heart is shaped like a heart,it is a symbol of love,black and white,it is usually obtained from a tarot card or a tarot card reader,"teddy bears, teddy bears, teddy bears, teddy bears, t"
/content/Dataset_simple_sketch/test/pipe (for smoking)/12644.png,pipe (for smoking),a single line drawing of a pot,a single line drawing of a pot with a spoon in it,utensil,black and white,from a cookware store,"pots, pans, pans, pans, pans, pans, pans, pans, pans, pans,"
/content/Dataset_simple_sketch/test/skyscraper/15282.png,skyscraper,a cube,"the shape of the object is a cube, and the shape of the object is a cuboid",it is a block of ice,black and white,from a rock quarry,"kitchen, bathroom, bedroom, living room, bedroom, living room, bedroom, bedroom, bedroom, bedroom, bedroom, bedroom, bedroom, bedroom,"
/content/Dataset_simple_sketch/test/bench/1604.png,bench,a line drawing of a curved bench,the shape of the bench is curved,a seat,black and white,from a manufacturer,"kitchen, dining room, living room, bedroom, bathroom"
/content/Dataset_simple_sketch/test/ladder/9445.png,ladder,the shape of the item is a teddy bear,there is a slit in the middle of the leg,it is a leg,black and white,it is usually obtained from a tavern or taverna,"kitchen drawers, drawers, drawers, drawers, drawers, drawers, drawers, drawers, drawers, drawers"
/content/Dataset_simple_sketch/test/basket/1041.png,basket,basket,the basket is shaped like a basket,it is a basket,black and white,from a scavenger hunt,"baskets can be found in a variety of places, such as a kitchen, a bathroom, a bedroom, a living room"
/content/Dataset_simple_sketch/test/dolphin/5362.png,dolphin,the shape of the item is a dolphin,the dolphin has a tail and a tail fin,as a character in a story,black and white,from a zoo or aquarium,"aquariums, aquariums, aquariums, aquariums, aquariums, aquariums, aquariums, aquariums, aquariums, aquariums,"
/content/Dataset_simple_sketch/test/person sitting/12082.png,person sitting,a person sitting on a chair,a woman is sitting on a chair with her back to the wall,a seat for a person to sit on,black and white,it is typically obtained by a person sitting in a chair,"kitchen, bathroom, bedroom, living room, bedroom, living room, bedroom, bedroom, bedroom, bedroom, bedroom, bedroom, bedroom, bedroom,"
/content/Dataset_simple_sketch/test/vase/19203.png,vase,spherical,the shape of the vase is spherical,a vase,"red, blue, green, yellow",from a florist,"kitchen, bathroom, bedroom, living room, bedroom, living room, bathroom, bedroom, bathroom, bedroom, bathroom, bedroom, bathroom, bedroom,"
/content/Dataset_simple_sketch/test/flower with stem/6804.png,flower with stem,a single line drawing of a flower,it is a single line drawing of a flower,it is a flower,black and white,from a florist,"t-shirts, mugs, mugs, mugs, mugs, mugs, mugs, "
/content/Dataset_simple_sketch/test/castle/3763.png,castle,castle,there is a castle on top of a hill,a castle,black and white,from a child's imagination,"children's coloring books, coloring pages, coloring books, coloring pages, coloring pages, coloring pages, coloring pages, coloring pages, coloring pages,"
/content/Dataset_simple_sketch/test/arm/402.png,arm,a line drawing of a hand reaching out,there is a line drawing of a hand reaching out,it's a hand,black and white,it is typically obtained from a person's arm,"handbags, purses, hats, jackets, shirts, hats, hats, hats, "
/content/Dataset_simple_sketch/test/candle/3361.png,candle,a line drawing of a candle on a white background,the outline of the candle is drawn in a straight line,it is a candle,black and white,from a candle,"in a candle holder, in a candle holder, in a candle holder, in a candle holder, in "
/content/Dataset_simple_sketch/test/satellite dish/14163.png,satellite dish,spherical,there is a spherical object in the middle of the drawing,it's a clock,black and white,from a tarot card or a tarot card reader,"kitchen, bathroom, bedroom, living room, bedroom, living room, bedroom, bedroom, bedroom, bedroom, bedroom, bedroom, bedroom, bedroom,"
/content/Dataset_simple_sketch/test/scissors/14321.png,scissors,"a pair of scissors, a pair of scissors, a pair of scissors, a pair of scissors, a pair of scissors,",a pair of scissors and a pair of scissors are drawn on a white background,a pair of scissors,black and white,a pair of scissors or a pair of tweezers,"kitchen drawers, drawers, drawers, drawers, drawers, drawers, drawers, drawers, drawers, drawers"
/content/Dataset_simple_sketch/test/nose/11122.png,nose,the shape of the item is oblong,the shape of the ear and the shape of the nose,it is a part of a person's body,black and white,it is usually obtained from a tattoo artist or tattoo parlour,"hats, hats, hats, hats, hats, hats, hats, hat"
/content/Dataset_simple_sketch/test/skull/15202.png,skull,the shape of the item is a skull,the skull's mouth is open and the eyes are open,it is a drawing of a skull,black and white,from a tattoo parlour,"on a t-shirt, on a t-shirt, on a shirt, on a shirt, on a shirt"
/content/Dataset_simple_sketch/test/satellite/14081.png,satellite,spherical,the spacecraft is shaped like a spherical object with a spherical body and a sp,a spacecraft,black and white,from a spacecraft manufacturer,"in a tv show or movie, in a comic book, in a book, in a magazine, or in a"
/content/Dataset_simple_sketch/test/wheelbarrow/19522.png,wheelbarrow,wheelbarrow,the drawing is a single line drawing of a wheelbarrow,a wheelbarrow,black and white,from a thrift store,"in a stroller, in a stroller, in a stroller, in a stroller, in a stroller,"
/content/Dataset_simple_sketch/test/donut/5441.png,donut,donut,there is a hole in the middle of the donut,it is a donut,"red, orange, yellow, green, blue, black, white",from a bakery,"donuts can be found in a variety of places, including a donut shop, a bakery, a bakery, a"
/content/Dataset_simple_sketch/test/tennis-racket/17682.png,tennis-racket,a tennis racket,a tennis racket is drawn in black and white on a white background,tennis racket,black and white,from a tennis racket,a tennis racket
/content/Dataset_simple_sketch/test/frying-pan/7283.png,frying-pan,a line drawing of a tennis racket,the object is a tennis racket,a tennis racket,black and white,from a fisherman's net,"tennis rackets, racquets, racquetball rackets, racquetball racket"
/content/Dataset_simple_sketch/test/knife/9363.png,knife,a line drawing of a knife on a white background,the knife has a handle and a blade,a weapon,black and white,in the form of a sword or dagger,"swords, axes, katanas, katanas, katanas, katanas"
/content/Dataset_simple_sketch/test/leaf/9602.png,leaf,leaf,the leaf is drawn in a single line,a leaf is a leaf is a leaf is a leaf is a leaf is a leaf is a leaf is a,black and white,from a tree,"hats, hats, hats, hats, hats, hats, hats, hat"
/content/Dataset_simple_sketch/test/couch/4643.png,couch,oblong,the shape of the seat and the shape of the back of the seat,a seat,black and white,from a local auto parts store,"a car, a truck, a motorcycle, a boat, a plane, a bed, a couch, a"
/content/Dataset_simple_sketch/test/tomato/18082.png,tomato,the shape of the item is a tomato,the shape of the tomato,a fruit or vegetable,"red, orange, yellow, green",from a farmer's market,"grocery stores, restaurants, cafeterias, grocery stores, restaurants, cafeterias, cafeterias, cafeterias,"
/content/Dataset_simple_sketch/test/parachute/11602.png,parachute,a parachute,"the parachute is shaped like a parachute, and the parachute is shaped like a parachute",a parachute,black and white,in the form of a parachute,a parachute is a device that carries a person or a group of people on a parachute
/content/Dataset_simple_sketch/test/hat/8005.png,hat,hat,the hat is shaped like a cowboy hat,it is a hat,black and white,from a hat,hats hats hats hats hats hats hats hats hats hats
/content/Dataset_simple_sketch/test/hot-dog/8645.png,hot-dog,the shape of the item is a line drawing,"there is a slit in the middle of the line, and a slit in the middle of the line",it is a line drawing of a person's body,black and white,it is usually obtained from a person's genitals,"kitchen, bathroom, bedroom, living room, bedroom, living room, bedroom, bedroom, bedroom, bedroom, bedroom, bedroom, bedroom, bedroom,"
/content/Dataset_simple_sketch/test/cell phone/3921.png,cell phone,the item is shaped like a cup,it is a drawing of a cell phone,a container for liquids,black and white,from a chemist,"cell phones, tablets, laptops, ipads, ipods, mp3 players, mp4 players, mp"
/content/Dataset_simple_sketch/test/mouse (animal)/10805.png,mouse (animal),a line drawing of a mouse,the rat has a long tail and a slender body,a mouse,black and white,"from a zoo, zoo, zoo, zoo, zoo, z","in a book, on a computer screen, on a tablet, on a phone, on a tablet computer, on a"
/content/Dataset_simple_sketch/test/potted plant/12803.png,potted plant,plant in a pot,the plant is growing in a pot,a plant in a pot,black and white,from a plant nursery,"flower pots, flower pots, flower pots, flower pots, flower pots, flower pots, flower pots, flower pot"
/content/Dataset_simple_sketch/test/laptop/9521.png,laptop,the shape of the item is a laptop,the laptop has a broken screen,it is a laptop,black and white,from a computer repair shop,"laptops, tablets, cell phones, ipads, ipods, mp3 players, mp4 players, mp"
/content/Dataset_simple_sketch/test/pumpkin/13124.png,pumpkin,the shape of the item is a pumpkin,the pumpkin is shaped like a pumpkin,it is a pumpkin,orange and yellow,from a pumpkin patch,"pumpkin patch, pumpkin patch, pumpkin patch, pumpkin patch, pumpkin patch, pumpkin patch, pumpkin patch, pumpkin patch, pumpkin patch, pumpkin patch,"
/content/Dataset_simple_sketch/test/streetlight/16481.png,streetlight,a line drawing of a street light,there is a light at the end of the pole,a light source,"red, yellow, green, blue, black, white",from a street vendor,"kitchen, bathroom, bedroom, living room, bedroom, living room, bedroom, bedroom, bedroom, bedroom, bedroom, bedroom, bedroom, bedroom,"
/content/Dataset_simple_sketch/test/key/9203.png,key,a single line drawing of a key,"the shape of the key is oblique, and the shape of the key is oblique, and the shape of the key is",a key,black and white,from a locksmith,"kitchen drawers, drawers, drawers, drawers, drawers, drawers, drawers, drawers, drawers, drawers"
/content/Dataset_simple_sketch/test/pizza/12722.png,pizza,a slice of pizza,the shape of the slice of pizza is shaped like a slice of pizza,a slice of pizza,"red, orange, yellow, green, blue, black, white",from a bakery,"pizza boxes, pizza boxes, pizza boxes, pizza boxes, pizza boxes, pizza boxes, pizza boxes, pizza boxes, pizza boxes, pizza boxes,"
/content/Dataset_simple_sketch/test/cow/4722.png,cow,a line drawing of a horse,the horse's head is tilted to the side,is it a horse or a cow?,black and white,from a horse breeder,"t-shirts, mugs, mugs, mugs, mugs, mugs, mugs, "
/content/Dataset_simple_sketch/test/wine-bottle/19684.png,wine-bottle,a line drawing of a wine bottle on a white background,the bottle has a label on it,a bottle of wine,red and white,from a winery,"restaurants, bars, hotels, restaurants, bars, hotels, restaurants, bars, restaurants, hotels, restaurants, bars, restaurants, hotels, restaurants,"
/content/Dataset_simple_sketch/test/angel/163.png,angel,a line drawing of an angel with wings,the wings of the angel are shaped like wings of a bird,angel,black and white,from a craft store,"t-shirts, mugs, mugs, mugs, mugs, mugs, mugs, "
/content/Dataset_simple_sketch/test/door handle/5601.png,door handle,oblong,the shape of the handle and the shape of the handle,driver's side door handle,black and white,from a local auto parts store,"kitchen, bathroom, bedroom, living room, bedroom, living room, bedroom, bedroom, bedroom, bedroom, bedroom, bedroom, bedroom, bedroom,"
/content/Dataset_simple_sketch/test/van/19125.png,van,a line drawing of a car,"the shape of the car's hood, the shape of the car's hood, the shape of the car's hood,",a vehicle,black and white,from a car manufacturer,"in a car, truck, van, or other vehicle"
/content/Dataset_simple_sketch/test/bridge/2481.png,bridge,a line drawing of a rope,there is a rope attached to the end of the rope,it is a sling,black and white,"it is typically obtained from a teeter-totter, a teeter-totter, or","in a sandbox, in a sandbox, in a sandbox, in a sand"
/content/Dataset_simple_sketch/test/crocodile/4963.png,crocodile,crocodile crocodile crocodile crocodile crocodile crocodile,"the crocodile is a crocodile, not a crocodile crocodile cro",it is a crocodile,black and white,from a zoo or aquarium,"t-shirts, hats, hats, hats, hats, hats, hats, "
/content/Dataset_simple_sketch/test/floor lamp/6723.png,floor lamp,a line drawing of a lamp on a white background,there is a lamp shade on top of the lamp post,a lamp,black and white,from a hardware store,"in a garden, in a park, in a park, in a park, in a park, in a park,"
/content/Dataset_simple_sketch/test/cup/5125.png,cup,cup,the cup has a handle and a spout,it is a cup,black and white,from a coffee shop,"coffee shops, cafes, restaurants, cafeterias, cafeterias, cafeterias, cafeterias, restaurants,"
/content/Dataset_simple_sketch/test/eyeglasses/6164.png,eyeglasses,eyeglasses,the eyeglasses have a curved shape,eyeglasses,black and white,from a store,"eyeglasses, eyeglasses, eyeglasses, eyeglasses, eyeglasses, eyeglasses,"
/content/Dataset_simple_sketch/test/boomerang/2083.png,boomerang,a line drawing of a letter f,the shape of the letter f,it is a part of a car,black and white,from a local auto parts store,"car engine, engine compartment, engine compartment, engine compartment, engine compartment, engine compartment, engine compartment, engine compartment, engine compartment, engine compartment,"
/content/Dataset_simple_sketch/test/toothbrush/18243.png,toothbrush,"a toothbrush, toothbrushes, toothbrushes, toothbrushes, toothbrushes, toothbrushes, toothbrushes, toothbrushe",a toothbrush is drawn in a single line,"toothbrush, toothbrushes, toothbrushes, toothbrushes, toothbrushes, toothbrushes, toothbrushes, toothbrushes,",black and white,from a dentist's office,"toothbrushes, toothpaste, toothbrushes, toothbrushes, toothbrushes, toothbrushes, toothbrushes, toothbrushes,"
/content/Dataset_simple_sketch/test/fish/6561.png,fish,fish,the fish has a large head and a small body,a fish,black and white,from a fisherman or a fisherman's mate,"aquariums, aquariums, aquariums, aquariums, aquariums, aquariums, aquariums, aquariums, aquariums, aquariums,"
/content/Dataset_simple_sketch/test/envelope/6002.png,envelope,envelope,the shape of the envelope is oblong,envelope vector illustration,black and white,from a post office,"envelopes, envelopes, envelopes, envelopes, envelopes, envelopes, envelopes, envelopes, envelopes, envelopes,"
/content/Dataset_simple_sketch/test/helmet/8405.png,helmet,hat,the hat has a curved brim and a curved brim,hat,black and white,from a bakery,"hats, hats, hats, hats, hats, hats, hats, hat"
/content/Dataset_simple_sketch/test/hedgehog/8242.png,hedgehog,hedgehog,the hedgehog is wearing a hat,a hedgehog,black and white,from a hedgehog's mouth,"on t-shirts, mugs, mugs, mugs, mugs, mugs, mugs,"
/content/Dataset_simple_sketch/test/table/17202.png,table,a slatted wooden table,there are two legs on the bottom of the table,a table,black and white,from a furniture store,"kitchen, dining room, living room, bedroom"
/content/Dataset_simple_sketch/test/elephant/5923.png,elephant,a line drawing of an elephant with a tusk,the elephant has a tusk and a trunk,as a character in a story,black and white,from a zoo or zoological park,"t-shirts, mugs, mugs, mugs, mugs, mugs, mugs, "
/content/Dataset_simple_sketch/test/armchair/485.png,armchair,a line drawing of a chair,the chair has a curved back and armrests,a chair,black and white,from a furniture store,"dining room, living room, bedroom, living room, bedroom, bedroom, bedroom, bedroom, bedroom, bedroom, bedroom, bedroom, bedroom, bedroom"
/content/Dataset_simple_sketch/test/feather/6402.png,feather,leaf,the leaf is drawn in a single line,a leaf,yellow and green,from a plant,"banana leaf, banana leaf, banana leaf, banana leaf, banana leaf, banana leaf, banana leaf, banana leaf, banana leaf, banana leaf,"
/content/Dataset_simple_sketch/test/shovel/15042.png,shovel,a shovel,the handle of the shovel is curved,a shovel,black and white,a shovel is a tool that is used to dig a hole in the ground,"garden, gardener, gardener, gardener, gardener, gardener, gardener, gardener, gardener, gardener, garden"
/content/Dataset_simple_sketch/test/flying saucer/6961.png,flying saucer,the shape of the item is a circle,there is a small circle in the middle of the image,it is a food item,"orange, yellow, green, blue, black, white","in the form of a fruit or vegetable, such as an apple or a pear","in the kitchen, on a plate, in a bowl, on a plate, on a plate, on a plate, on"
/content/Dataset_simple_sketch/test/suitcase/16642.png,suitcase,a briefcase,there is a handle on the bag,a briefcase,black and white,from a travel agency,"a briefcase, briefcase, briefcase, briefcase, briefcase, briefcase, briefcase, briefcase, briefcase, brief"
/content/Dataset_simple_sketch/test/tire/17921.png,tire,the shape of the item is a circle,the shape of the letter o,it is a drawing of a circle,black and white,it is typically obtained by drawing a line on a white surface,"t-shirts, hats, hats, hats, hats, hats, hats, "
/content/Dataset_simple_sketch/test/camera/3281.png,camera,oblong,the drawing is of a car with a seat and a steering wheel,driver's seat,black and white,from a local auto parts store,"kitchen, bathroom, bedroom, living room, bedroom, living room, bedroom, bedroom, bedroom, bedroom, bedroom, bedroom, bedroom, bedroom,"
/content/Dataset_simple_sketch/test/hammer/7763.png,hammer,letter t,the shape of the letter t,the letter t,black and white,from a hammer and chisel,"a hammer, a hammerhead, a hammer, a hammer, a hammer"
/content/Dataset_simple_sketch/test/flashlight/6645.png,flashlight,the item is shaped like a flashlight,the shape of the handle and the shape of the head of the flashlight,a flashlight,black and white,from a hardware store,"kitchen, bathroom, bedroom, office, car"
/content/Dataset_simple_sketch/test/human-skeleton/8884.png,human-skeleton,skeleton,the skeleton is a human skeleton,a skeleton,black and white,from a cadaver,a skeleton is a skeleton is a skeleton is a skeleton is a skeleton is
/content/Dataset_simple_sketch/test/crane (machine)/4884.png,crane (machine),the shape of the item is a line drawing of an excavator,the shape of the truck is curved,an excavator,black and white,from a child's drawing,"construction sites, construction sites, construction sites, construction sites, construction sites, construction sites, construction sites, construction sites, construction sites, construction sites,"
/content/Dataset_simple_sketch/test/head/8083.png,head,face,"there is a smirk on his face, and he has a smile on his face",a character in a comic book,black and white,from a comic book store,"t-shirts, hats, hats, hats, hats, hats, hats, "
/content/Dataset_simple_sketch/test/loudspeaker/10003.png,loudspeaker,spherical spherical spherical spherical spherical spherical,the hat has a curved brim and a curved brim,it is a hat,black and white,from a chemist,"kitchen, bathroom, bedroom, living room, bedroom, living room, bedroom, bedroom, bedroom, bedroom, bedroom, bedroom, bedroom, bedroom,"
/content/Dataset_simple_sketch/test/baseball bat/1004.png,baseball bat,a line drawing of a baseball bat,the shape of the handle and the shape of the blade,it is a tool used by a carpenter to make a hole in a piece of wood,black and white,from a hardware store,"carpenter's shop, carpenter's workshop, carpenter's workshop, carpenter's workshop, carpen"
/content/Dataset_simple_sketch/test/bottle opener/2165.png,bottle opener,the shape of the item is a letter t,the letter t is drawn in a single line,a bottle opener,black and white,from a hardware store,"car keys, key fobs, key fobs, key fobs, key fobs, key fobs, key fo"
/content/Dataset_simple_sketch/test/tent/17764.png,tent,a tent,the tent has a pole attached to it,it is a tent,black and white,from a camping store,"camping, camping, camping, camping, camping, camping, camping, camping, camping, camping, camping, camping, camping, camping, camping,"
/content/Dataset_simple_sketch/test/submarine/16563.png,submarine,a line drawing of a submarine,the shape of the submarine's hull and the shape of the submarine's propeller,submarine,black and white,from a doodle artist,"submarines, submarines, submarines, submarines, submarines, submarines, submarines, submarines, submarines, submarines,"
/content/Dataset_simple_sketch/test/lightbulb/9684.png,lightbulb,light bulb,there is a light bulb in the middle of the image,light bulb,"red, yellow, green, blue",from a light bulb,"kitchen, bathroom, bedroom, living room, bedroom, living room, bedroom, bedroom, bedroom, bedroom, bedroom, bedroom, bedroom, bedroom,"
/content/Dataset_simple_sketch/test/strawberry/16402.png,strawberry,apple,the apple has a leaf on it,a fruit,"red, yellow, green",from a farmer's market,"apple pies, apple pies, apple pie, apple pie, apple pie, apple pie, apple pie, apple pie, apple pie, apple"
/content/Dataset_simple_sketch/test/fan/6324.png,fan,a line drawing of a fan on a white background,the shape of the blades and the shape of the blades,a ceiling fan,black and white,from a manufacturer,"kitchen, bathroom, bedroom, living room, bedroom, living room, bedroom, bedroom, bedroom, bedroom, bedroom, bedroom, bedroom, bedroom,"
/content/Dataset_simple_sketch/test/teddy-bear/17525.png,teddy-bear,teddy bear,the teddy bear is wearing a teddy bear hat,it is a toy,black and white,from a toy store,"toy stores, toy stores, toy stores, toy stores, toy stores, toy stores, toy stores, toy"
/content/Dataset_simple_sketch/test/motorbike/10722.png,motorbike,the shape of the item is a motorcycle,the motorcycle has a front wheel and a rear wheel,it is a motorcycle,black and white,from a motorcycle dealer,"motorcycles, scooters, mopeds, motorcycles, mopeds, scooters, motorcycles, mopeds, scooters,"
/content/Dataset_simple_sketch/test/pear/11845.png,pear,pear,the pear is shaped like a pear,a fruit,"red, orange, yellow, green, blue, black, white",from a pear tree,"grocery stores, restaurants, cafeterias, cafeterias, cafeterias, cafeterias, cafeterias,"
/content/Dataset_simple_sketch/test/owl/11283.png,owl,owl,the owl's head is tilted to the side,it is a character in a comic book,black and white,from a comic book store,"on a t-shirt, on a shirt, on a shirt, on a shirt, on a shirt, on "
/content/Dataset_simple_sketch/test/crown/5043.png,crown,the shape of the item is a crown,there is a crown on the right side of the image,king of kings king of kings king of kings king of kings king of kings,black and white,from the king of kings or queen of kings,"in christianity, christianity, christianity, christianity, christianity"
/content/Dataset_simple_sketch/test/telephone/17604.png,telephone,a doodle of a telephone,the phone has a cord attached to it,a telephone,black and white,from a phone company,"telephone booths, telephone booths, telephone booths, telephone booths, telephone booths, telephone booths, telephone booths, telephone booth"
/content/Dataset_simple_sketch/test/standing bird/16242.png,standing bird,a line drawing of a bird,the bird has a long beak and a long tail,it is a bird,black and white,from a bird's nest,"t-shirts, mugs, mugs, mugs, mugs, mugs, mugs, "
/content/Dataset_simple_sketch/test/brain/2322.png,brain,the shape of the item is the shape of a brain,"the shape of the brain is oblong in shape, and the shape of the brain is oblong in shape",it is a part of the human brain,black and white,in the form of a drawing on a white background,"kitchen, bathroom, bedroom, living room, bedroom, living room, bedroom, bedroom, bedroom, bedroom, bedroom, bedroom, bedroom, bedroom,"
/content/Dataset_simple_sketch/test/computer monitor/4481.png,computer monitor,shape of the item is square,"the shape of the object is a rectangle, and the shape of the object is a square",it is a drawing of a computer screen,black and white,it is typically obtained from a museum or art gallery,"kitchen, bathroom, bedroom, living room, bedroom, living room, bedroom, bedroom, bedroom, bedroom, bedroom, bedroom, bedroom, bedroom,"
/content/Dataset_simple_sketch/test/skateboard/15125.png,skateboard,a line drawing of a skateboard,the image is a line drawing of a skateboard on a white background,it is a part of a vehicle,black and white,from a manufacturer,"skateboards, skateboards, skateboards, skateboards, skateboards, skateboards, skateboards, skateboard"
/content/Dataset_simple_sketch/test/frog/7204.png,frog,frog,the frog is wearing a hat,it is a frog,"green, blue, yellow, and black","from a zoo, aquarium, or zoo","a frog coloring page, a frog coloring page, a frog coloring page, a frog coloring"
/content/Dataset_simple_sketch/test/race car/13364.png,race car,a line drawing of a car,the car is a single line drawing of a car,it is a drawing of a car,black and white,it is a drawing of a car on a white background,"on a car, on a car, on a car, on a car, on a car, on a car,"
/content/Dataset_simple_sketch/test/hot air balloon/8563.png,hot air balloon,hat,the hat is shaped like a hat,it is a hat,black and white,from a hat shop,"hats, hats, hats, hats, hats, hats, hats, hat"
/content/Dataset_simple_sketch/test/bear (animal)/1205.png,bear (animal),a line drawing of a dog,the dog is wearing a t-shirt and a hat,a character in a story,black and white,from a pet store,"children's books, coloring books, coloring pages, coloring books, coloring pages, coloring pages, coloring pages, coloring pages, coloring pages, coloring"
/content/Dataset_simple_sketch/test/fork/7122.png,fork,fork,a fork is drawn on a white background,fork,black and white,from a fork,"forks, knives, utensils, spoons, forks, knives, forks, spoons, fork"
/content/Dataset_simple_sketch/test/seagull/14641.png,seagull,a line drawing of a bird,the shape of the bird's body and the shape of the bird's head,it is a drawing of a bird,black and white,from a museum or art gallery,"kitchen, bathroom, bedroom, living room, bedroom, living room, bedroom, bedroom, bedroom, bedroom, bedroom, bedroom, bedroom, bedroom,"
/content/Dataset_simple_sketch/test/syringe/17041.png,syringe,the item is shaped like a pencil,there is a handle on the left side of the image,it is a tool,black and white,from a hardware store,"kitchen drawers, drawers, drawers, drawers, drawers, drawers, drawers, drawers, drawers, drawers"
/content/Dataset_simple_sketch/test/tree/18563.png,tree,the shape or form of the item is a tree,the shape of the leaves and the shape of the tree,it is a tree,black and white,it is typically obtained from a tree,"in a classroom, in a library, in a classroom, in a library, in a library, in a library,"
/content/Dataset_simple_sketch/test/hand/7843.png,hand,a line drawing of a hand,the hand is a single line drawing of a hand reaching up to the sky,it is a hand,black and white,it is typically obtained from a person's hand,"handbags, purses, hats, t-shirts, hats, hats, hats, hat"
/content/Dataset_simple_sketch/test/penguin/12001.png,penguin,penguin,the penguin is wearing a hat,a penguin is a penguin is a penguin is a penguin is a penguin is a penguin is,black and white,"from a zoo, aquarium, or zoo","penguin coloring pages, penguin coloring pages, penguin coloring pages, penguin coloring pages, penguin coloring pages, penguin coloring pages,"
/content/Dataset_simple_sketch/test/snake/15444.png,snake,a line drawn on a white background,there is a curved line in the middle of the image,it is a line drawn on a white background,black and white,it is obtained by drawing a line on a white background,"t-shirts, hats, hats, hats, hats, hats, hats, "
/content/Dataset_simple_sketch/test/dragon/5685.png,dragon,dragon coloring pages | credit usd $1,the dragon is wearing a hat with a horn on it,a dragon coloring page,black and white,a credit usd $1 credit usd $1 credit usd $1 credit usd $1 credit usd $1 credit usd $1 credit usd $1,"coloring pages, coloring books, coloring pages, coloring pages, coloring pages, coloring pages, coloring pages, coloring pages, coloring pages, coloring pages,"
/content/Dataset_simple_sketch/test/mouth/10881.png,mouth,a line drawing of a lips,the lips are drawn in a single line,as a character in a story,black and white,from a tattoo parlour,"on t-shirts, mugs, mugs, mugs, mugs, mugs, mugs,"
/content/Dataset_simple_sketch/test/parking meter/11682.png,parking meter,the item is shaped like a musical instrument,"the instrument is a harpsichord, a harpsichord, a harpsich",a musical instrument,black and white,from a music store,"kitchen, bathroom, bedroom, living room, bedroom, bathroom, kitchen, bathroom, bedroom, bathroom, bedroom, bathroom, bedroom, bathroom, bedroom"
/content/Dataset_simple_sketch/test/snail/15365.png,snail,snail,the snail is drawn in a single line,it is a drawing of a snail on a white background,black and white,from a snail's shell,"t-shirts, mugs, mugs, mugs, mugs, mugs, mugs, "
/content/Dataset_simple_sketch/test/grenade/7521.png,grenade,grenade grenade grenade grenade grenade grenade grenade gren,the grenade is shaped like a grenade,a grenade,black and white,in the form of a grenade,"a grenade, a grenade launcher, a grenade launcher, a grena"
/content/Dataset_simple_sketch/test/grapes/7441.png,grapes,a bunch of grapes,the shape of the grapes,a fruit or vegetable,"red, white, and green",in the form of a bunch of grapes,"in the kitchen, in the bathroom, in the bedroom, in the living room, in the bedroom, in the living room, in the bedroom,"
/content/Dataset_simple_sketch/test/airplane/11.png,airplane,a line drawing of a plane,a single line drawing of a plane flying over a white background,a flying object,black and white,it is typically obtained by a scuba diver,"airplanes, airplanes, airplanes, airplanes, airplanes, airplanes, airplanes, airplanes, airplanes, airplanes,"
/content/Dataset_simple_sketch/test/sheep/14803.png,sheep,a line drawing of a dog,the dog's head is tilted to the side,a dog,black and white,from a pet store,"t-shirts, mugs, mugs, mugs, mugs, mugs, mugs, "
/content/Dataset_simple_sketch/test/rabbit/13282.png,rabbit,a line drawing of a rabbit,the hare has a long tail and a stubby tail,a hare,black and white,"from a zoo, zoo, zoo, zoo, zoo, z","in a zoo, zoo, zoo, zoo, zoo, z"
/content/Dataset_simple_sketch/test/carrot/3685.png,carrot,a line drawing of a carrot on a white background,a carrot is drawn in a single line,a vegetable,"red, orange, yellow, green",from a farmer's market,"grocery stores, restaurants, cafeterias, cafeterias, cafeterias, cafeterias, cafeterias,"
/content/Dataset_simple_sketch/test/bathtub/1121.png,bathtub,the shape of the item is round,the shape of the legs of the stool,it is a stool,black and white,from a furniture store,"kitchen, bathroom, bedroom, living room, dining room, bedroom, bathroom, kitchen, living room, bedroom, bathroom, kitchen, living room,"
/content/Dataset_simple_sketch/test/ant/241.png,ant,ant,the ant has two legs and a head,ant ant ant ant ant ant ant ant ant ant ant ant ant ant ant,black and white,it is typically obtained as a gift from a friend or family member,"ant farm, ant farm, ant farm, ant farm, ant farm, ant farm, ant farm, ant"
/content/Dataset_simple_sketch/test/head-phones/8163.png,head-phones,a pair of headphones,there is a cord attached to the headphone,a headphone,black and white,from a telecommunications company,"earphones, earbuds, earphones, earphones, earphones, earphones,"
/content/Dataset_simple_sketch/test/space shuttle/15764.png,space shuttle,a line drawing of a rocket,the rocket has a spherical shape and a spherical tail,a rocket launcher,black and white,from a rocket launcher,"airplanes, spaceships, rockets, spaceships, rockets, rockets, rockets, rockets, rockets, rocket"
/content/Dataset_simple_sketch/test/sword/16963.png,sword,the shape of the item is a line drawing,the shape of the saber is a saber with a hook on one end and a hook on the other end,it is a tool used by a hunter to catch prey,black and white,"from the fossilized remains of a prehistoric animal, such as a mammoth or a tyrannosaurus","aquariums, aquariums, aquariums, aquariums, aquariums, aquariums, aquariums, aquariums, aquariums, aquariums,"
/content/Dataset_simple_sketch/test/shoe/14962.png,shoe,a single line drawing of a person sitting in a chair,the drawing is a one-line drawing of a person sitting in a chair,it's a chair,black and white,it is usually obtained from a pawn shop or pawn shop,"kitchen, bathroom, bedroom, living room, bedroom, living room, bedroom, bedroom, bedroom, bedroom, bedroom, bedroom, bedroom, bedroom,"
/content/Dataset_simple_sketch/test/cake/3042.png,cake,cake,the cake is shaped like a birthday cake,birthday cake,black and white,from a bakery,"a birthday party, a birthday party, a birthday party, a birthday party, a birthday party, a birthday party,"
/content/Dataset_simple_sketch/test/sailboat/13922.png,sailboat,a line drawing of a sailboat on a white background,the shape of the sailboat,a sailboat,blue and white,from a sailor,"on a boat, on a beach, on a boat, on a boat, on a boat, on a boat,"
/content/Dataset_simple_sketch/test/swan/16881.png,swan,swan,the swan is a single line drawing on a white background,a swan,black and white,from a swan,"t-shirts, mugs, mugs, mugs, mugs, mugs, mugs, "
/content/Dataset_simple_sketch/test/traffic light/18402.png,traffic light,the item is shaped like a tablet,there is a slit in the side of the package,it is a syringe,"red, yellow, green, blue",from a pharmacy,"in a pharmacy, in a hospital, in a doctor's office, in a doctor's office, in a hospital"
/content/Dataset_simple_sketch/test/church/4163.png,church,the shape of the item is a church steeple,there is a cross at the top of the tower,a church steeple,black and white,from a church,"churches, cathedrals, cathedrals, churches, churches, churches, churches, churches, churches, churches, churches, churches, churches, churches,"
/content/Dataset_simple_sketch/test/piano/12241.png,piano,a line drawing of a piano,there is a piano in the background,a musical instrument,black and white,from a music store,"a concert hall, a concert hall, a concert hall, a concert hall, a concert hall, a concert hall,"
/content/Dataset_simple_sketch/test/trumpet/18881.png,trumpet,a single line drawing of a teddy bear,the image is a continuous line drawing of a hand holding a syringe,it is a toy,black and white,it is typically obtained from a taiwanese taiwanese taiwanes,"kitchen, bathroom, bedroom, living room, bedroom, living room, bedroom, bedroom, bedroom, bedroom, bedroom, bedroom, bedroom, bedroom,"
/content/Dataset_simple_sketch/test/giraffe/7361.png,giraffe,giraffe,the giraffe has a long neck and a long tail,giraffe,black and white,from a zoo or zoological park,"a giraffe coloring page, a giraffe coloring page, a giraffe coloring page, a "
/content/Dataset_simple_sketch/test/crab/4805.png,crab,crab,the crab has a squid-like body and a squid-like tail,it is a crab,black and white,from a zoo or aquarium,"aquariums, aquariums, aquariums, aquariums, aquariums, aquariums, aquariums, aquariums, aquariums, aquariums,"
/content/Dataset_simple_sketch/test/cannon/3444.png,cannon,cannon,a cannon is drawn on a white background,cannon,black and white,from a cannon,"cannons, cannons, cannons, cannons, cannons, cannons,"
/content/Dataset_simple_sketch/test/snowboard/15525.png,snowboard,a line drawing of a sheet of paper,the image is a black and white drawing of a piece of paper,it is a drawing of a piece of paper,black and white,from a store,"kitchen, bathroom, bedroom, living room, bedroom, living room, bedroom, bedroom, bedroom, bedroom, bedroom, bedroom, bedroom, bedroom,"
/content/Dataset_simple_sketch/test/butterfly/2805.png,butterfly,butterfly,"there is a wing on the left side of the image, and a wing on the right side of the image",as a character in a story,black and white,from a doodle artist,"t-shirts, mugs, mugs, mugs, mugs, mugs, mugs, "
/content/Dataset_simple_sketch/test/apple/322.png,apple,apple,the shape of the apple,it is a fruit,"red, yellow, and green",from a farmer's market,"apple pies, apple pies, apple pie, apple pie, apple pie, apple pie, apple pie, apple pie, apple pie, apple"
/content/Dataset_simple_sketch/test/face/6245.png,face,face,there is a smirk on his face and he has a smile on his face,a character in a video game,black and white,it is a drawing of a man with a smile on his face,"tumblr, tumblr, tumblr, tumblr, tumblr,"
/content/Dataset_simple_sketch/test/microphone/10323.png,microphone,a line drawing of a microphone on a white background,the microphone has a cord attached to it,a microphone,black and white,from a karaoke machine,"in a recording studio, on a stage, in a recording studio, in a recording studio, in a recording studio, in"
/content/Dataset_simple_sketch/test/cat/3843.png,cat,a line drawing of a rat,the rat's head is tilted to the side,a rat,black and white,from a pet store,"t-shirts, mugs, mugs, mugs, mugs, mugs, mugs, "
/content/Dataset_simple_sketch/test/sea turtle/14563.png,sea turtle,turtle,the turtle's body is shaped like an octopus,a turtle,black and white,from a zoo or aquarium,"aquariums, aquariums, aquariums, aquariums, aquariums, aquariums, aquariums, aquariums, aquariums, aquariums,"
/content/Dataset_simple_sketch/test/door/5521.png,door,the item is shaped like a box,the door is open and the door handle is open,a storage container,black and white,from a hardware store,"kitchen, bathroom, bedroom, living room, bedroom, living room, bedroom, bedroom, bedroom, bedroom, bedroom, bedroom, bedroom, bedroom,"
/content/Dataset_simple_sketch/test/truck/18802.png,truck,a line drawing of a truck,the truck has a flat top and a flat bottom,it is a truck,black and white,from a trucking company,"on a truck, on a truck, on a truck, on a truck, on a truck, on a truck,"
/content/Dataset_simple_sketch/test/windmill/19603.png,windmill,a line drawing of a windmill,the shape of the windmill,a windmill,black and white,from a craft store,"windmills, windmills, windmills, windmills, windmills, windmills, windmills, windmill"
/content/Dataset_simple_sketch/test/tv/18962.png,tv,a tv screen on a stand,there is a white screen on top of a white background,tv screen,black and white,from a hardware store,"televisions, monitors, computer monitors, tvs, computer monitors, computer monitors, computer monitors, computer monitors"
/content/Dataset_simple_sketch/test/mailbox/10085.png,mailbox,a mailbox,there is a mailbox on top of a pole,mail box,black and white,from a post office,mailboxes mailboxes mailboxes mailboxes mailboxes mailboxes mailboxes mailboxes mailboxes mailboxes
/content/Dataset_simple_sketch/test/pineapple/12561.png,pineapple,pineapple,"the shape of the fruit is oblong, and the shape of the fruit is spherical",it is a fruit,"green, yellow, and orange",in the form of a cactus,"kitchen, bathroom, bedroom, living room, bedroom, living room, bedroom, bedroom, bedroom, bedroom, bedroom, bedroom, bedroom, bedroom,"
/content/Dataset_simple_sketch/test/horse/8484.png,horse,a line drawing of a horse,the horse's head is tilted to the side,is it a horse or a cow?,black and white,from a horse breeder,"t-shirts, hats, hats, hats, hats, hats, hats, "
/content/Dataset_simple_sketch/test/fire hydrant/6484.png,fire hydrant,fire hydrant,the fire hydrant is shaped like a fire hydrant,fire hydrant,red and yellow,from a fire hydrant,"fire hydrant, fire hydrant, fire hydrant, fire hydrant, fire hydrant, fire hydrant,"
/content/Dataset_simple_sketch/test/cabinet/2883.png,cabinet,spherical,the shape of the bag is shaped like a triangle,it is a part of a car,black and white,from a local auto parts store,"kitchen, bathroom, bedroom, living room, bedroom, living room, bedroom, bedroom, bedroom, bedroom, bedroom, bedroom, bedroom, bedroom,"
/content/Dataset_simple_sketch/test/bicycle/1685.png,bicycle,a line drawing of a bicycle,the bicycle has a front wheel and a rear wheel,it is a bicycle,black and white,from a bicycle shop,"bicycle shop, bicycle shop, bicycle shop, bicycle shop, bicycle shop, bicycle shop, bicycle shop, bicycle shop, bicycle shop, bicycle shop,"
/content/Dataset_simple_sketch/test/computer-mouse/4563.png,computer-mouse,a line drawing of a mouse on a white background,the mouse has a long tail,it is a mouse,black and white,from a mouse's mouth,"computer keyboards, mousepads, mousepads, mousepads, mousepads, mousepads, mousepads, mousepad"
/content/Dataset_simple_sketch/test/microscope/10401.png,microscope,a line drawing of a microscope,the drawing is a single line drawing of a hand holding a magnifying glass,a microscope,black and white,from a medical laboratory,"kitchen, bathroom, bedroom, living room, bedroom, living room, bedroom, bedroom, bedroom, bedroom, bedroom, bedroom, bedroom, bedroom,"
/content/Dataset_simple_sketch/test/ship/14882.png,ship,outline of a ship,the outline of a cruise ship is drawn on a white background,it is a drawing of a ship on a white background,black and white,from a cruise liner,"cruise ships, cruise ships, cruise ship, cruise ship, cruise ship, cruise ship, cruise ship, cruise ship, cruise ship, cruise ship,"
/content/Dataset_simple_sketch/test/tiger/17845.png,tiger,a tiger,the tiger is wearing a t-shirt,it is a tiger coloring page,black and white,"from a zoo, zoo, zoo, zoo, zoo, z",a tiger coloring page
/content/Dataset_simple_sketch/test/cactus/2964.png,cactus,cactus,"the cactus is a cactus, not a cactus plant",cactus,black and white,from a cactus,cactus cactus cactus cactus cactus cactus cactus c
/content/Dataset_simple_sketch/test/suv/16803.png,suv,the shape of the item is a line drawing of a truck,the shape of the truck's wheels and the shape of the truck's body,it is a vehicle,black and white,it is usually obtained from a pawn shop or pawnbroker,"in a car, truck, van, or other vehicle"
/content/Dataset_simple_sketch/test/rainbow/13522.png,rainbow,the shape of the item is a line drawing,"there is a curved line in the middle of the image, and a curved line in the middle of the image",it is a line drawn on a white background,black and white,it is usually obtained from a sand dune or a sand dune sand dune s,"kitchen, bathroom, bedroom, living room, bedroom, living room, bedroom, bedroom, bedroom, bedroom, bedroom, bedroom, bedroom, bedroom,"
/content/Dataset_simple_sketch/test/bread/2404.png,bread,shape of the item is oblong,there is a slanted line in the middle of the image,it is a doodle of a doodle of a doodle of a doodle of a d,black and white,it is usually obtained from a pawn shop or pawnbroker,"kitchen, bathroom, bedroom, living room, bedroom, living room, bedroom, bedroom, bedroom, bedroom, bedroom, bedroom, bedroom, bedroom,"
/content/Dataset_simple_sketch/test/rollerblades/13765.png,rollerblades,line drawing of a pair of roller skates,there is a pair of roller skates on the bottom of the image,it is a pair of roller skates,black and white,from a skating rink,"skating rinks, ice skating rinks, ice skating rinks, ice skating rinks, ice skating "
/content/Dataset_simple_sketch/test/keyboard/9281.png,keyboard,a hand drawn sketch of a piece of paper,the drawing is a hand drawn sketch of a keyboard,it is a piece of paper,black and white,it is typically obtained from a museum or art gallery,"in a library, in a museum, in a library, in a museum, in a museum, in a museum,"
/content/Dataset_simple_sketch/test/rooster/13841.png,rooster,a line drawing of a bird,the bird is wearing a hat,a bird,black and white,from a pheasant's nest,"hats, hats, hats, hats, hats, hats, hats, hat"
/content/Dataset_simple_sketch/test/socks/15683.png,socks,sock,"the sock has a heel and a toe, and the sock has a heel and a toe",a sock,black and white,from a sock store,"kitchen, bathroom, bedroom, living room, bedroom, living room, bedroom, bedroom, bedroom, bedroom, bedroom, bedroom, bedroom, bedroom,"
/content/Dataset_simple_sketch/test/zebra/19925.png,zebra,zebra,the zebra is a black and white drawing of a zebra,a zebra,black and white,"from a zoo, zoo, zoo, zoo, zoo, z","zoos, zoos, zoos, zoos, zoos,"
/content/Dataset_simple_sketch/test/lobster/10000.png,lobster,the shape of the item is a bug,the insect has a head and a tail,it is a bug,black and white,in the form of a parasitic nematode nematode nematode nematode nem,"sandboxes, aquariums, ponds, ponds, ponds, ponds, ponds,"
/content/Dataset_simple_sketch/test/car (sedan)/3601.png,car (sedan),a line drawing of a car,it is a single line drawing of a car,a vehicle,black and white,from a manufacturer,"in a car, on a bus, on a train, on a bus, on a train, on a bus,"
/content/Dataset_simple_sketch/test/pigeon/12485.png,pigeon,a line drawing of a pheasant,the bird is a pigeon,a pigeon,black and white,in the form of a pigeon,"on a t-shirt, on a hat, on a shirt, on a hat, on a shirt,"
/content/Dataset_simple_sketch/test/foot/7045.png,foot,a line drawing of a person's foot,"the shape of the toes, the shape of the heel, the shape of the ankle, the shape of the heel, the shape of the",a foot,black and white,it is usually obtained from a person's foot,"shoes, socks, shoes, shoes, shoes, shoes, shoes, shoes, shoes, shoes, shoes, shoes, shoes, shoes, shoes,"
/content/Dataset_simple_sketch/test/comb/4404.png,comb,a line drawing of a comb,the comb is shaped like a comb,it is a comb,black and white,from a barber shop,"barber shop, barber shop, barber shop, barber shop, barber shop, barber shop, barber shop, barber"
/content/Dataset_simple_sketch/test/present/12962.png,present,it is a gift box with a bow,the shape of the gift box is a rectangle with a bow tied around it,it is a gift,red and white,from a gift-giver,"gift boxes, gift bags, gift wrap, gift boxes, gift boxes, gift wrap, gift wrap, gift wrap, gift wrap, gift wrap,"
/content/Dataset_simple_sketch/test/ashtray/561.png,ashtray,spherical,the shape of the bowl is shaped like a bowl,it is a container,black and white,from a toyota dealer,"in a car, truck, or other vehicle"
/content/Dataset_simple_sketch/test/mosquito/10644.png,mosquito,a line drawing of a dragonfly,the dragonfly has a long slender body and a long slender tail,it is a dragonfly,black and white,"from a zoo, aquarium, or zoo","children's books, coloring books, encyclopedias, encyclopedias, encyclopedias, encyclopedia"
/content/Dataset_simple_sketch/test/tablelamp/17284.png,tablelamp,a spherical lamp,"the shape of the lamp is oblong, and the shape of the lamp shade is oblong",a lamp,black and white,from a lamp store,"bedroom, living room, dining room, bedroom, living room, bedroom, living room, bedroom, living room, bedroom, living room, bedroom,"
/content/Dataset_simple_sketch/test/spider/15921.png,spider,the shape of the item is a spider,the spider's head is shaped like a spherical ball,it is a spider,black and white,from a spider's web,"in a spider's web, in a spider's web, in a spider's web, in a spider's"
/content/Dataset_simple_sketch/test/pen/11924.png,pen,a line drawing of a pen on a white background,the pen has a clip on the end of the barrel,a writing instrument,black and white,from a manufacturer,"fountain pen, ballpoint pen, ballpoint pen, ballpoint pen, ballpoint pen, ballpoint pen, ballpoint pen, ballpoint pen"
/content/Dataset_simple_sketch/test/saxophone/14241.png,saxophone,saxophone,the shape of the saxophone,saxophone saxophone saxophone saxophone saxophone,black and white,from a saxophone,"a saxophone, clarinet, flute, oboe, trumpet, saxophone,"
/content/Dataset_simple_sketch/test/canoe/3524.png,canoe,a line drawing of a boat,"the shape of the boat's bow and stern, the shape of the boat's bow and stern, the shape of the boat'",a boat,black and white,in the form of a single line drawing on a white background,"a boat, a boathouse, a boat, a boathouse, a boathouse, a boathouse, a"
/content/Dataset_simple_sketch/test/teacup/17364.png,teacup,a cup,the cup is shaped like a teacup,a cup of tea,black and white,in the form of a tea cup,"mugs, mugs, mugs, mugs, mugs, mugs, mugs, mug"
/content/Dataset_simple_sketch/test/barn/883.png,barn,a house with a roof,there is a roof on top of the house,it is a building,black and white,it is a drawing of a house with a roof on a white background,"barns, barns, barns, barns, barns, barns, barns, barns, barns, barns,"
/content/Dataset_simple_sketch/test/mug/10962.png,mug,a mug,the mug has a handle and a spout,it is a cup,black and white,from a coffee shop,"coffee shops, cafes, restaurants, hotels, restaurants, cafes, restaurants, hotels, restaurants, cafes, restaurants, hotels, restaurants,"
/content/Dataset_simple_sketch/test/banana/801.png,banana,a line drawing of a banana,the shape of the banana,it is a fruit,yellow and orange,from a banana tree,"grocery stores, restaurants, cafeterias, cafeterias, ice cream parlors, ice cream parlours,"
/content/Dataset_simple_sketch/test/rifle/13685.png,rifle,a line drawing of a rifle,the outline of a rifle is drawn on a white background,a weapon,black and white,from a gunsmith,"in the military, in the military, in the military, in the military, in the military, in the military, in the military, in the"
/content/Dataset_simple_sketch/test/camel/3204.png,camel,a camel,a camel is standing on a white background,a camel,black and white,from a camel breeder,"a camel is a common animal found in the middle east, asia, africa, and the mediterranean"
/content/Dataset_simple_sketch/test/purse/13204.png,purse,yurt,the yurt is shaped like a cone,it is a yurt,black and white,from a yurt,"a yurt, yurt tent, yurt tent, yurt tent, yurt tent"
/content/Dataset_simple_sketch/test/train/18485.png,train,a doodle of a train on a white background,the image is a doodle of a train on a white background,it is a train,black and white,from a train station,"t-shirts, mugs, mugs, mugs, mugs, mugs, mugs, "
/content/Dataset_simple_sketch/test/cloud/4325.png,cloud,cloud,the shape of the cloud is a spherical shape,it is a drawing of a cloud on a white background,black and white,from a craft store,"on t-shirts, hats, hats, hats, hats, hats, hats,"
/content/Dataset_simple_sketch/test/bell/1525.png,bell,triangle,the shape of the tree is a triangle,it is a christmas tree,"red, white, and green",in the form of a teddy bear or teddy bear teddy bear teddy bear te,"on a christmas tree, in a santa claus sleigh, on a santa claus"
/content/Dataset_simple_sketch/test/mushroom/11042.png,mushroom,the item is shaped like a mushroom,the shape of the letter t is shaped like a mushroom,letter t,black and white,from a carpenter's or woodworker's shop,"kitchen, bathroom, bedroom, living room, dining room, bedroom, bathroom, kitchen, living room, bedroom, bathroom, kitchen, living room,"
/content/Dataset_simple_sketch/test/shark/14721.png,shark,a line drawing of a shark,the shark has a long tail and a slender body,it is a drawing of a shark,black and white,from a zoo or aquarium,"aquariums, aquariums, aquariums, aquariums, aquariums, aquariums, aquariums, aquariums, aquariums, aquariums,"
/content/Dataset_simple_sketch/test/wheel/19443.png,wheel,the shape of the item is a circle,"there is a circle in the middle of the image, and a circle in the middle of the image",it is a part of a wheel,"red, orange, yellow, green, blue",from a citrus fruit,"kitchen, bathroom, bedroom, living room, dining room, bedroom, bathroom, kitchen, living room, bedroom, bathroom, kitchen, living room,"
/content/Dataset_simple_sketch/test/squirrel/16164.png,squirrel,the shape or form of the item is a squirrel,the shape of the squirrel's body and the shape of the squirrel's feet,as a character in a story,black and white,"from a zoo, zoo, zoo, zoo, zoo, z","in a zoo, zoo, zoo, zoo, zoo, z"
/content/Dataset_simple_sketch/test/palm tree/11362.png,palm tree,a line drawing of a palm tree,the palm tree is a single line drawing of a palm tree,it is a simple line drawing of a palm tree,black and white,from a florist,"palm trees, palm trees, palm trees, palm trees, palm trees, palm trees, palm trees, palm trees, palm trees, palm trees,"
/content/Dataset_simple_sketch/test/wrist-watch/19842.png,wrist-watch,the item is shaped like a watch,the watch has a strap and a watch face,a watch,black and white,from a swiss watch manufacturer,"wristwatches, wristwatches, wristwatches, wristwatches, wristwatches, wristwatches,"
/content/Dataset_simple_sketch/test/blimp/1844.png,blimp,a line drawing of a blimp,the shape of the airship is a spherical shape,it is a drawing of a blimp,black and white,"it is usually obtained from a zoo, aquarium, or zoo zoo","airplane coloring pages, airplane coloring pages, airplane coloring pages, airplane coloring pages, airplane coloring pages, airplane coloring pages, airplane coloring pages, airplane coloring"
/content/Dataset_simple_sketch/test/person walking/12164.png,person walking,line drawing of a person walking,the man is wearing a t-shirt and a pair of shorts,is a character in a story,black and white,from a tattoo artist or tattoo parlour,"t-shirts, mugs, mugs, mugs, mugs, mugs, mugs, "
/content/Dataset_simple_sketch/test/violin/19284.png,violin,a line drawing of a stringed instrument,the violin has a bow and a treble clef,a musical instrument,black and white,from a music store,"violins, violas, cellos, violoncellos, violoncellos, cellos,"
/content/Dataset_simple_sketch/test/speed-boat/15841.png,speed-boat,oblong,the shape of the handle and the shape of the blade,a part of a vehicle,"red, blue, green, yellow",from a remanufacturer,"kitchen drawers, drawers, drawers, drawers, drawers, drawers, drawers, drawers, drawers, drawers"
/content/Dataset_simple_sketch/test/power outlet/12883.png,power outlet,the item is shaped like a face,there is a white circle in the middle of the face and a black circle in the middle of the face,a power outlet,black and white,from a local hardware store,"kitchen, bathroom, bedroom, living room, bedroom, living room, bedroom, bedroom, bedroom, bedroom, bedroom, bedroom, bedroom, bedroom,"
/content/Dataset_simple_sketch/test/sponge bob/16005.png,sponge bob,square,there is a smile on his face and he is holding his arms out in front of him,as a character in a comic book,"red, yellow, green, blue, and black",it is typically obtained by drawing a square on a piece of paper,"in a sandbox, in a sandbox, in a sandbox, in a sand"
/content/Dataset_simple_sketch/test/flying bird/6884.png,flying bird,the shape of the item is a v,the shape of the letter v,the letter v,black and white,it is typically obtained from a bird's nest,"t-shirts, hats, hats, hats, hats, hats, hats, "
/content/Dataset_simple_sketch/test/umbrella/19044.png,umbrella,umbrella,the shape of the umbrella,it is an umbrella,black and white,from a store,"on a beach, in a park, on a boat, on a boat, on a boat, on a boat,"
/content/Dataset_simple_sketch/test/duck/5762.png,duck,the shape of the item is a line drawing of a duck,the shape of the bird's feet and the shape of the bird's head,a bird,black and white,from a zoo or aquarium,"in a zoo, aquarium, zoo, zoo, zoo, zoo,"
/content/Dataset_simple_sketch/test/scorpion/14402.png,scorpion,the shape of the item is a crab,the shape of the crab's body and the shape of its legs,as a food source,"red, orange, yellow, green, blue, and black",from a fisherman's net,"aquariums, aquariums, aquariums, aquariums, aquariums, aquariums, aquariums, aquariums, aquariums, aquariums,"
/content/Dataset_simple_sketch/test/lighter/9765.png,lighter,a single line drawing of a refrigerator,a single line drawing of a refrigerator,it is a refrigerator,black and white,from a store,"refrigerators, freezers, refrigerators, freezers, refrigerators, freezers, refrigerators, freezers, refrigerators, freezers,"
/content/Dataset_simple_sketch/test/ice-cream-cone/8963.png,ice-cream-cone,shape or form of the item,the shape of the ice cream cone is shaped like an ice cream cone,shape of a country,black and white,it is usually obtained from a local bakery or ice cream parlour,"ice cream parlors, ice cream parlors, ice cream parlors, ice cream parlors, ice"
/content/Dataset_simple_sketch/test/chandelier/4085.png,chandelier,the shape of the item is spherical,the drawing is a sketch of a chandelier,a light fixture,black and white,from a hardware store,"kitchen, bathroom, bedroom, living room, dining room, bedroom, living room, dining room, bedroom, living room, bedroom, living room,"
/content/Dataset_simple_sketch/test/mermaid/10242.png,mermaid,mermaid,the mermaid has a long tail,mermaid mermaid mermaid mermaid mermaid mermaid mermaid mer,black and white,from a mermaid,"t-shirts, mugs, mugs, mugs, mugs, mugs, mugs, "
/content/Dataset_simple_sketch/test/tooth/18164.png,tooth,the shape or form of the item is a tooth,the tooth is shaped like an octopus,a tooth,black and white,from a dentist,"dentist's office, dentist's office, dentist's office, dentist's office, dentist's office, dentist's office,"
/content/Dataset_simple_sketch/test/calculator/3124.png,calculator,a line drawing of a calculator on a white background,there is a calculator on top of a white background,a calculator,black and white,a calculator is a device that is used to calculate the amount of money that needs to be deposited into a bank account,calculator calculator calculator calculator calculator calculator calculator calculator calculator calculator calculator calculator calculator calculator calculator calculator calculator calculator calculator calculator calculator calculator calculator calculator calculator calculator calculator calculator calculator calculator
/content/Dataset_simple_sketch/test/kangaroo/9124.png,kangaroo,kangaroo,the kangaroo has a long tail,a kangaroo,black and white,from a zoo,"australian kangaroo, australian kangaroo, australian kangaroo, australian kangaro"
/content/Dataset_simple_sketch/test/spoon/16082.png,spoon,a line drawing of a spoon,the handle of the spoon is curved,utensil utensil utensil utensil utensil utensil,black and white,from a local hardware store,"kitchen, kitchenware, kitchenware, kitchenware, kitchenware, kitchenware, kitchenware, kitchenware, kitchenware, kitchenware, kitchen"
/content/Dataset_simple_sketch/test/sun/16723.png,sun,the shape of the item is a circle,the sun is a circle with rays coming out of it,the sun,yellow and orange,it is a drawing of a sun on a white background,"in a t-shirt, on a shirt, on a shirt, on a shirt, on a shirt, on "
/content/Dataset_simple_sketch/test/trousers/18721.png,trousers,a pair of pants,the crotch of the pant leg is a little wider than the crotch of the pant leg,it is a pair of pants,black and white,from a clothing store,"kitchen drawers, drawers, drawers, drawers, drawers, drawers, drawers, drawers, drawers, drawers"
/content/Dataset_simple_sketch/test/pickup truck/12323.png,pickup truck,a line drawing of a car,the drawing is a one-line drawing of a car,it is a vehicle,black and white,it is typically obtained from a doodle artist,"cars, trucks, buses, trains, airplanes, trains, boats, airplanes, trains, cars, trucks, buses, trains, airplanes"
/content/Dataset_simple_sketch/test/teapot/17444.png,teapot,a single line drawing of a teapot,the kettle has a handle and a spout,a kettle,"red, orange, yellow, green, blue, black, white",from a tea shop,"in a kitchen, in a bathroom, in a bedroom, in a living room, in a living room, in a"
/content/Dataset_simple_sketch/test/screwdriver/14483.png,screwdriver,a single line drawing of a teddy bear,a single line drawing of a styrofoam cup and a single line drawing of a sty,it is a styrofoam cup,black and white,from a store,"kitchen, bathroom, bedroom, living room, bedroom, living room, bedroom, bedroom, bedroom, bedroom, bedroom, bedroom, bedroom, bedroom,"
/content/Dataset_simple_sketch/test/santa claus/14001.png,santa claus,santa claus santa claus santa claus santa claus s,the santa claus is wearing a santa claus hat,santa claus santa claus santa claus santa claus s,red and white,from a santa claus gift box,santa claus santa claus santa claus santa claus s
/content/Dataset_simple_sketch/test/cigarette/4241.png,cigarette,cigarette cigarette cigarette cigarette cigarette cigarette cigarette cigarette cigarette cigarette cigarette cigarette cigarette cigarette cigarette,the cigarette has a hole in the middle of it,it is a cigarette,black and white,from a cigarette pack,"cigarette pack, cigarette pack, cigarette pack, cigarette pack, cigarette pack, cigarette pack, cigarette pack, cigarette"
/content/Dataset_simple_sketch/test/walkie talkie/19361.png,walkie talkie,a doodle of a radio,there is a radio on the side of the drawing,it is a radio,black and white,from a mobile phone,"in a car, on a boat, on a plane, on a train, on a plane, on a train,"
/content/Dataset_simple_sketch/test/lion/9845.png,lion,a line drawing of a lion,the lion is wearing a hat,a lion,black and white,"from a zoo, aquarium, or zoo","t-shirts, mugs, mugs, mugs, mugs, mugs, mugs, "
/content/Dataset_simple_sketch/test/eye/6082.png,eye,eye,the eye is drawn with a single line,the eye is the most important part of the human body,black and white,from a tattoo artist,"t-shirts, mugs, mugs, mugs, mugs, mugs, mugs, "
/content/Dataset_simple_sketch/test/paper clip/11522.png,paper clip,a line drawn on a white background,the shape of the object is a spherical shape,it is a line drawing of a hat,black and white,from a manufacturer,"kitchen, bathroom, bedroom, living room, bedroom, living room, bedroom, bedroom, bedroom, bedroom, bedroom, bedroom, bedroom, bedroom,"
/content/Dataset_simple_sketch/test/house/8802.png,house,house,the house has a roof and a chimney,a house,black and white,from a print shop,"on t-shirts, mugs, mugs, mugs, mugs, mugs, mugs,"
/content/Dataset_simple_sketch/test/trombone/18644.png,trombone,the shape of the item is a trombone,the instrument is a trombone,trombone,black and white,from a music store,"in a band, in a marching band, in a marching band, in a marching band, in a march"
/content/Dataset_simple_sketch/test/bowl/2242.png,bowl,a bowl,"the shape of the bowl is spherical, and the shape of the bowl is spherical",a fruit or vegetable,"orange, yellow, green",in the form of a fruit or vegetable,"a bowl, a cup, a plate, a bowl, a bowl, a bowl, a bowl, a"
/content/Dataset_simple_sketch/test/alarm clock/104.png,alarm clock,heart shape,there is a clock in the shape of a heart with an arrow pointing in the direction of the heart,a clock,black and white,from a medical professional,"clocks, watches, alarm clocks, watches, clocks, clocks, clocks, clocks, clocks, clocks, clock"
/content/Dataset_simple_sketch/test/snowman/15605.png,snowman,snowman,the snowman is wearing a hat,a snowman,black and white,in the form of a snowman,"snowman coloring pages, snowman coloring pages, snowman coloring pages, snowman coloring pages, snowman coloring pages, snowman coloring pages,"
/content/Dataset_simple_sketch/test/parrot/11762.png,parrot,a line drawing of a bird,the bird has a long beak and a long tail,a bird,black and white,"from a zoo, zoo, zoo, zoo, zoo, z","in a zoo, zoo, zoo, zoo, zoo, z"
/content/Dataset_simple_sketch/test/bee/1365.png,bee,bee,the bee has a stinger in its mouth,bee,black and white,from a bee hive,"in a children's book, on a t-shirt, on a hat, on a shirt, on a"
/content/Dataset_simple_sketch/test/binoculars/1763.png,binoculars,a pair of binoculars,the binoculars are shaped like a pair of binoculars,binoculars,black and white,"in the form of a pair of binoculars, a pair of binoculars, or a pair of binocular","binoculars, telescopes, binoculars, binoculars, binoculars, binoculars, bino"
/content/Dataset_simple_sketch/test/t-shirt/17125.png,t-shirt,a t-shirt,the t - shirt has a collar and a sleeve,a t-shirt,"white, black, and blue",from a clothing store,"men's t-shirts, women's t-shirts, children's t-shirts, women's t-"
/content/Dataset_simple_sketch/test/dog/5283.png,dog,a line drawing of a dog,the dog is standing on its hind legs,a dog,black and white,from a pet store,"t-shirts, mugs, mugs, mugs, mugs, mugs, mugs, "
/content/Dataset_simple_sketch/test/bush/2722.png,bush,a single line drawing of a plant on a white background,the plant is a single line drawing of a single plant on a white background,a plant,black and white,in the form of a plant,"aquariums, aquariums, aquariums, aquariums, aquariums, aquariums, aquariums, aquariums, aquariums, aquariums,"
/content/Dataset_simple_sketch/test/beer-mug/1444.png,beer-mug,beer mug,the mug has a handle and a spout,it is a beer mug,black and white,from a beer mug,beer mugs mugs mugs mugs mugs mugs mugs mugs mugs mug
/content/Dataset_simple_sketch/test/ear/5843.png,ear,the shape or form of the item is ear,the shape of the ear and the shape of the tip of the ear,the ear,black and white,from a tattoo artist or tattoo parlour,ear piercings ear piercings ear piercings ear piercings ear
/content/Dataset_simple_sketch/test/backpack/723.png,backpack,a backpack,the backpack has a handle and a strap,it is a backpack,black and white,from a school supply store,"backpacks can be found in schools, daycares, daycares, daycares, daycares, daycares, daycare"
/content/Dataset_simple_sketch/test/wineglass/19765.png,wineglass,martini glass,the rim of the glass is curved,a drinking glass,"red, white, and blue",from a bar or restaurant,"bar, restaurant, bartender, bartender, bartender, bartender, bartender, bartender, bart"
/content/Dataset_simple_sketch/test/helicopter/8325.png,helicopter,a line drawing of a helicopter,there is a wing on the side of the helicopter and a wing on the front of the helicopter,a helicopter,black and white,from a helicopter manufacturer,"airplanes, helicopters, airplanes, helicopters, helicopters, helicopters, helicopters, helicopters, helicopters, helicopters,"
/content/Dataset_simple_sketch/test/pig/12404.png,pig,a line drawing of a person,the man is wearing a shirt and a hat,a character in a story,black and white,from a store,"t-shirts, hats, hats, hats, hats, hats, hats, "
/content/Dataset_simple_sketch/test/bed/1281.png,bed,a line drawing of a bed,there is a bed in the middle of the image,a bed,black and white,in a hotel,"bedroom, bathroom, living room, bedroom, living room, bedroom, bedroom, bedroom, bedroom, bedroom, bedroom, bedroom, bedroom, bedroom,"
/content/Dataset_simple_sketch/test/revolver/13603.png,revolver,a line drawing of a gun,the shape of the gun's handle and the shape of the gun's barrel,a weapon,black and white,a credit usd $1,"a gunfighter's glove, a gunfighter's glove, a gunfighter's glove, a gun"
/content/Dataset_simple_sketch/test/monkey/10484.png,monkey,a monkey's face,the monkey's mouth is open and his eyes are closed,it is a drawing of a monkey's face,black and white,"from a zoo, aquarium, or zoo","children's coloring books, coloring pages, coloring books, coloring pages, coloring pages, coloring pages, coloring pages, coloring pages, coloring pages,"
/content/Dataset_simple_sketch/test/bus/2641.png,bus,a line drawing of a bus,the bus is drawn in a single line,a transportation vehicle,black and white,from a bus company,"bus stops, bus stops, bus stops, bus stops, bus stops, bus stops, bus stops, bus stops, bus stops, bus stops,"