Path,Category,Answer from Llama
/content/Dataset_simple_sketch/test/table/17236.png,table,"Based on the probabilities and descriptions, I predict the item to be a **lemon**."
/content/Dataset_simple_sketch/test/table/17264.png,table,"Based on the probabilities and descriptions, I predict the item to be an ""apple""."
/content/Dataset_simple_sketch/test/table/17204.png,table,"Based on the probabilities and descriptions, I predict the item to be an ""apple""."
/content/Dataset_simple_sketch/test/table/17228.png,table,"Based on the probabilities and descriptions, I predict the item to be an ""apple""."
/content/Dataset_simple_sketch/test/table/17234.png,table,"Based on the probabilities and descriptions, I predict the item to be an ""apple""."
/content/Dataset_simple_sketch/test/table/17232.png,table,"Based on the probabilities and descriptions, I predict the item to be: Apple"
/content/Dataset_simple_sketch/test/table/17272.png,table,"Based on the given probabilities, I predict the item to be: **Apple**"
/content/Dataset_simple_sketch/test/table/17243.png,table,Apple.
/content/Dataset_simple_sketch/test/table/17221.png,table,The answer is: Apple
/content/Dataset_simple_sketch/test/table/17241.png,table,"Based on the probabilities and descriptions, I predict the item to be an **Apple**."
/content/Dataset_simple_sketch/test/table/17267.png,table,"Based on the given probabilities and descriptions, I predict the item to be an **Apple**."
/content/Dataset_simple_sketch/test/table/17206.png,table,"Based on the probabilities, I predict the item to be an ""apple""."
/content/Dataset_simple_sketch/test/table/17227.png,table,"Based on the probabilities, I predict the item to be an ""apple""."
/content/Dataset_simple_sketch/test/table/17273.png,table,"Based on the probabilities and descriptions, I predict the item to be an ""apple""."
/content/Dataset_simple_sketch/test/table/17247.png,table,"Based on the probabilities and descriptions, I predict the item to be: **Apple**

Reasoning: The probability of ""apple"" is 0.71973, which is significantly higher than any other category. Additionally, the description provided mentions the shape or form of the item being an apple, and the image is described as a drawing of an apple."
/content/Dataset_simple_sketch/test/table/17255.png,table,"Based on the probabilities and descriptions, I predict the item to be: **Apple**"
/content/Dataset_simple_sketch/test/hot air balloon/8574.png,hot air balloon,"Based on the probabilities and descriptions, I predict the item to be an ""Axe""."
/content/Dataset_simple_sketch/test/hot air balloon/8562.png,hot air balloon,AXE
/content/Dataset_simple_sketch/test/hot air balloon/8606.png,hot air balloon,"Based on the probabilities and descriptions, I predict the item to be an ""axe""."
/content/Dataset_simple_sketch/test/hot air balloon/8616.png,hot air balloon,"Based on the probabilities and descriptions, I predict the item to be an ""axe""."
/content/Dataset_simple_sketch/test/hot air balloon/8630.png,hot air balloon,"Based on the probabilities and descriptions, I predict the item to be an ""axe""."
/content/Dataset_simple_sketch/test/hot air balloon/8596.png,hot air balloon,AXE
/content/Dataset_simple_sketch/test/hot air balloon/8637.png,hot air balloon,"**Prediction:** ""axe""

**Reasoning:** The probabilities suggest that the item is most likely an ""axe"" with a high probability of 0.57894. The description from BLIP-2 also confirms this, mentioning a hammer and chisel, which are common tools used in conjunction with an axe. The image path and category also point towards an axe."
/content/Dataset_simple_sketch/test/hot air balloon/8617.png,hot air balloon,"Based on the probabilities and descriptions, I predict the item to be an **axe**."
/content/Dataset_simple_sketch/test/hot air balloon/8585.png,hot air balloon,**Prediction:** axe
/content/Dataset_simple_sketch/test/hot air balloon/8568.png,hot air balloon,"**Axe**

Reasoning: The probabilities suggest that the item is an axe, which is confirmed by the description provided. The description mentions the shape and form of the item, including its handle and head, which matches the probabilities."
/content/Dataset_simple_sketch/test/hot air balloon/8619.png,hot air balloon,Hammer.
/content/Dataset_simple_sketch/test/hot air balloon/8579.png,hot air balloon,"Based on the probabilities and descriptions, I predict the item to be an ""axe""."
/content/Dataset_simple_sketch/test/hot air balloon/8610.png,hot air balloon,Axe.
/content/Dataset_simple_sketch/test/hot air balloon/8588.png,hot air balloon,"Based on the probabilities and descriptions, I predict the item to be an ""axe""."
/content/Dataset_simple_sketch/test/hot air balloon/8597.png,hot air balloon,**Prediction:** axe
/content/Dataset_simple_sketch/test/hot air balloon/8620.png,hot air balloon,axe
/content/Dataset_simple_sketch/test/submarine/16578.png,submarine,"Based on the probabilities and descriptions, I predict the item to be a ""boomerang""."
/content/Dataset_simple_sketch/test/submarine/16603.png,submarine,"Based on the probabilities, I predict the item to be a ""boomerang""."
/content/Dataset_simple_sketch/test/submarine/16591.png,submarine,"**Prediction:** Boomerang

**Reasoning:** The image is described as a line drawing of a curved arrow, which is a strong indicator that the item is a boomerang. The category is also explicitly stated as ""boomerang"" in the input data. Additionally, the description mentions the shape of the arrow being curved, which further supports the prediction."
/content/Dataset_simple_sketch/test/submarine/16620.png,submarine,Boomerang.
/content/Dataset_simple_sketch/test/submarine/16640.png,submarine,"Based on the probabilities and descriptions, I predict the item to be a ""boomerang"" with a high confidence score of 0.59785."
/content/Dataset_simple_sketch/test/submarine/16625.png,submarine,"Based on the probabilities and descriptions, I predict the item to be a ""hand""."
/content/Dataset_simple_sketch/test/submarine/16609.png,submarine,"""Boomerang"""
/content/Dataset_simple_sketch/test/submarine/16576.png,submarine,"""Boomerang"""
/content/Dataset_simple_sketch/test/submarine/16592.png,submarine,"Based on the probabilities and descriptions, I predict the item to be a ""boomerang""."
/content/Dataset_simple_sketch/test/submarine/16561.png,submarine,"**Prediction:** Boomerang

**Reasoning:** The predicted item is a boomerang because the probabilities provided indicate a very high likelihood (0.98674) of the item being a boomerang, with other probabilities being significantly lower. The description provided also matches the item, with the shape being a shark's snout, which is an unusual and distinctive feature of a boomerang."
/content/Dataset_simple_sketch/test/submarine/16622.png,submarine,**Prediction:** Boomerang
/content/Dataset_simple_sketch/test/submarine/16572.png,submarine,Boomerang
/content/Dataset_simple_sketch/test/submarine/16616.png,submarine,Boomerang
/content/Dataset_simple_sketch/test/submarine/16600.png,submarine,BOOMERANG
/content/Dataset_simple_sketch/test/submarine/16596.png,submarine,"Based on the probabilities and descriptions, I predict the item to be a ""boomerang""."
/content/Dataset_simple_sketch/test/submarine/16629.png,submarine,**Prediction:** Boomerang
/content/Dataset_simple_sketch/test/mailbox/10118.png,mailbox,"The prediction is: ""bottle opener""."
/content/Dataset_simple_sketch/test/mailbox/10127.png,mailbox,"Based on the given probabilities, I predict the item to be a ""bottle opener""."
/content/Dataset_simple_sketch/test/mailbox/10117.png,mailbox,"Based on the probabilities, I predict the item to be a ""bottle opener""."
/content/Dataset_simple_sketch/test/mailbox/10111.png,mailbox,"Based on the given probabilities and descriptions, I predict the item to be a ""bottle opener""."
/content/Dataset_simple_sketch/test/mailbox/10129.png,mailbox,"Based on the probabilities and descriptions, I predict the item to be a bottle opener."
/content/Dataset_simple_sketch/test/mailbox/10114.png,mailbox,**Prediction:** bottle opener
/content/Dataset_simple_sketch/test/mailbox/10113.png,mailbox,"Based on the probabilities and descriptions, I predict the item to be a ""bottle opener""."
/content/Dataset_simple_sketch/test/mailbox/10103.png,mailbox,I predict the item to be: **Bottle Opener**
/content/Dataset_simple_sketch/test/mailbox/10134.png,mailbox,"Based on the probabilities and descriptions, I predict the item to be a ""bottle opener""."
/content/Dataset_simple_sketch/test/mailbox/10112.png,mailbox,"Based on the probabilities and descriptions, I predict the item to be a bottle opener."
/content/Dataset_simple_sketch/test/mailbox/10095.png,mailbox,"Based on the probabilities and descriptions, I predict the item to be a ""bottle opener""."
/content/Dataset_simple_sketch/test/mailbox/10093.png,mailbox,"Based on the probabilities and descriptions, I predict the item to be a ""bottle opener""."
/content/Dataset_simple_sketch/test/mailbox/10128.png,mailbox,"Based on the probabilities and descriptions, I predict the item to be a ""bottle opener""."
/content/Dataset_simple_sketch/test/mailbox/10133.png,mailbox,"Based on the probabilities and descriptions, I predict the item to be a ""bottle opener""."
/content/Dataset_simple_sketch/test/mailbox/10090.png,mailbox,"Based on the probabilities and descriptions, I predict the item to be a ""bottle opener""."
/content/Dataset_simple_sketch/test/mailbox/10106.png,mailbox,"Based on the given probabilities and descriptions, I predict the item to be a ""bottle opener""."
/content/Dataset_simple_sketch/test/train/18505.png,train,"Based on the given probabilities and descriptions, I predict the item to be a ""cabinet""."
/content/Dataset_simple_sketch/test/train/18514.png,train,"Based on the probabilities and descriptions, I predict the item to be a **cabinet** or a **bookcase**."
/content/Dataset_simple_sketch/test/train/18490.png,train,"**Prediction:** Cabinet

**Reasoning:** The probabilities suggest that the item is a cabinet or a dresser, which is consistent with the description provided. The description mentions ""drawers"" and ""a dresser"", which further supports the prediction. Additionally, the image path and category provided also point towards a cabinet or a dresser being the most likely prediction."
/content/Dataset_simple_sketch/test/train/18527.png,train,"Based on the probabilities and descriptions, I predict the item to be a ""cabinet""."
/content/Dataset_simple_sketch/test/train/18560.png,train,"Based on the probabilities and descriptions, I predict the item to be a ""cabinet""."
/content/Dataset_simple_sketch/test/train/18484.png,train,"Based on the probabilities, I predict the item to be a ""cabinet""."
/content/Dataset_simple_sketch/test/train/18537.png,train,"Based on the probabilities, I predict the item to be a ""cabinet""."
/content/Dataset_simple_sketch/test/train/18507.png,train,`cabinet`
/content/Dataset_simple_sketch/test/train/18491.png,train,"The word is: ""door"""
/content/Dataset_simple_sketch/test/train/18492.png,train,"Based on the probabilities and descriptions, I predict the item to be a **cabinet**."
/content/Dataset_simple_sketch/test/train/18496.png,train,"Based on the probabilities and descriptions, I predict the item to be a ""cabinet""."
/content/Dataset_simple_sketch/test/train/18502.png,train,"**Prediction:** ""cabinet""

**Reasoning:** The probabilities suggest that the item is most likely a ""cabinet"" (0.23968), which is also described in the text as a ""sideboard"" with drawers on the right side. The other probabilities are relatively low, making ""cabinet"" the most plausible prediction."
/content/Dataset_simple_sketch/test/train/18513.png,train,"Based on the probabilities and descriptions, I predict the item to be a ""piano""."
/content/Dataset_simple_sketch/test/train/18518.png,train,"""Cabinet"""
/content/Dataset_simple_sketch/test/train/18523.png,train,"Based on the probabilities and descriptions, I predict the item to be a ""cabinet""."
/content/Dataset_simple_sketch/test/train/18548.png,train,"**Prediction:** Cabinet

**Reasoning:** The item in the image is a piece of paper, as described by the text. The probabilities suggest that the item is most likely a cabinet, which is the given category. The text also mentions that the item is a piece of paper, which is not a cabinet, but the probabilities are strong enough to override this information."
/content/Dataset_simple_sketch/test/stapler/16395.png,stapler,"Based on the probabilities and descriptions, I predict the item to be a chandelier."
/content/Dataset_simple_sketch/test/stapler/16332.png,stapler,"I predict the item to be a ""Chandelier"".

Reasoning: The probabilities indicate a very high confidence in the item being a chandelier, with a probability of 0.98328. The description from BLIP-2 also matches, describing the item as a ""line drawing of a chandelier"" and stating that it is a chandelier."
/content/Dataset_simple_sketch/test/stapler/16349.png,stapler,**Prediction:** Chandelier
/content/Dataset_simple_sketch/test/stapler/16341.png,stapler,"The prediction is:

**Chandelier**

Reasoning: The probabilities indicate a high confidence in the item being a chandelier, with a probability of 0.85379. The description from BLIP-2 also matches the item, mentioning a ""line drawing of a chandelier"" and describing its role as a ""chandelier""."
/content/Dataset_simple_sketch/test/stapler/16353.png,stapler,**Prediction:** chandelier
/content/Dataset_simple_sketch/test/stapler/16375.png,stapler,"Based on the given probabilities and descriptions, I predict the item to be a ""chandelier""."
/content/Dataset_simple_sketch/test/stapler/16383.png,stapler,"Based on the probabilities and descriptions, I predict the item to be a ""chandelier""."
/content/Dataset_simple_sketch/test/stapler/16342.png,stapler,"Based on the given probabilities and descriptions, I predict the item to be a ""chandelier""."
/content/Dataset_simple_sketch/test/stapler/16328.png,stapler,Armchair.
/content/Dataset_simple_sketch/test/stapler/16366.png,stapler,"Based on the given probabilities and descriptions, I predict the item to be a ""chandelier"".

Reasoning: The probabilities show that the item is most likely to be a chandelier, with a probability of 0.51778. The description also mentions a spherical shape with a string hanging from it, which is consistent with the typical design of a chandelier."
/content/Dataset_simple_sketch/test/stapler/16367.png,stapler,"Based on the probabilities and descriptions, I predict the item to be a ""chandelier""."
/content/Dataset_simple_sketch/test/stapler/16321.png,stapler,"Based on the probabilities and descriptions, I predict the item to be a ""chandelier""."
/content/Dataset_simple_sketch/test/stapler/16326.png,stapler,"Based on the given probabilities, I predict the item to be a ""chandelier"".

Reasoning: The probability of the item being a ""chandelier"" is very high (0.76458), which is significantly higher than the probabilities of any other item. Additionally, the description provided in the ""Category"" field matches the predicted item, further supporting the prediction."
/content/Dataset_simple_sketch/test/stapler/16334.png,stapler,"Based on the probabilities and descriptions, I predict the item to be a ""chandelier""."
/content/Dataset_simple_sketch/test/stapler/16352.png,stapler,"Based on the probabilities and descriptions, I predict the item to be a ""Chandelier""."
/content/Dataset_simple_sketch/test/stapler/16388.png,stapler,"""Chandelier"""
/content/Dataset_simple_sketch/test/wheelbarrow/19542.png,wheelbarrow,"Based on the probabilities and descriptions, I predict the item to be a **Computer Monitor**."
/content/Dataset_simple_sketch/test/wheelbarrow/19526.png,wheelbarrow,"Based on the given probabilities and descriptions, I predict the item to be a ""Computer Monitor""."
/content/Dataset_simple_sketch/test/wheelbarrow/19522.png,wheelbarrow,"Based on the probabilities and descriptions, I predict the item to be: **Computer Monitor**"
/content/Dataset_simple_sketch/test/wheelbarrow/19588.png,wheelbarrow,"Based on the probabilities and descriptions provided, I predict the item to be a ""computer monitor""."
/content/Dataset_simple_sketch/test/wheelbarrow/19540.png,wheelbarrow,**Prediction:** Computer Monitor
/content/Dataset_simple_sketch/test/wheelbarrow/19530.png,wheelbarrow,"Based on the probabilities and descriptions, I predict the item to be a **Computer Monitor**."
/content/Dataset_simple_sketch/test/wheelbarrow/19576.png,wheelbarrow,**Prediction:** Computer Monitor
/content/Dataset_simple_sketch/test/wheelbarrow/19539.png,wheelbarrow,The answer is: Computer Monitor.
/content/Dataset_simple_sketch/test/wheelbarrow/19580.png,wheelbarrow,**Prediction:** Computer Monitor
/content/Dataset_simple_sketch/test/wheelbarrow/19595.png,wheelbarrow,"Based on the given probabilities and descriptions, I predict the item to be a **computer monitor**."
/content/Dataset_simple_sketch/test/wheelbarrow/19555.png,wheelbarrow,"Based on the probabilities and descriptions, I predict the item to be a ""computer monitor""."
/content/Dataset_simple_sketch/test/wheelbarrow/19560.png,wheelbarrow,**Computer Monitor**
/content/Dataset_simple_sketch/test/wheelbarrow/19521.png,wheelbarrow,**Prediction:** Computer Monitor
/content/Dataset_simple_sketch/test/wheelbarrow/19587.png,wheelbarrow,**Prediction:** Computer Monitor
/content/Dataset_simple_sketch/test/wheelbarrow/19547.png,wheelbarrow,"Based on the probabilities and descriptions, I predict the item to be a ""Computer Monitor""."
/content/Dataset_simple_sketch/test/wheelbarrow/19537.png,wheelbarrow,**Prediction:** computer monitor
/content/Dataset_simple_sketch/test/tiger/17862.png,tiger,"I predict the item to be a ""couch""."
/content/Dataset_simple_sketch/test/tiger/17853.png,tiger,"Based on the probabilities, I predict the item to be a ""couch""."
/content/Dataset_simple_sketch/test/tiger/17916.png,tiger,"Based on the probabilities and descriptions, I predict the item to be a ""couch""."
/content/Dataset_simple_sketch/test/tiger/17918.png,tiger,"Based on the probabilities and descriptions, I predict the item to be a ""couch"" or a ""sofa""."
/content/Dataset_simple_sketch/test/tiger/17845.png,tiger,"""Couch"""
/content/Dataset_simple_sketch/test/tiger/17841.png,tiger,**Prediction:** Couch
/content/Dataset_simple_sketch/test/tiger/17906.png,tiger,"Based on the probabilities and descriptions, I predict the item to be a ""couch""."
/content/Dataset_simple_sketch/test/tiger/17890.png,tiger,"Based on the probabilities and descriptions, I predict the item to be a ""couch""."
/content/Dataset_simple_sketch/test/tiger/17881.png,tiger,Couch
/content/Dataset_simple_sketch/test/tiger/17867.png,tiger,"Based on the probabilities and descriptions, I predict the item to be a ""couch""."
/content/Dataset_simple_sketch/test/tiger/17903.png,tiger,"Based on the probabilities and descriptions, I predict the item to be a ""couch""."
/content/Dataset_simple_sketch/test/tiger/17892.png,tiger,"Based on the probabilities and descriptions, I predict the item to be a ""couch""."
/content/Dataset_simple_sketch/test/tiger/17846.png,tiger,Couch
/content/Dataset_simple_sketch/test/tiger/17870.png,tiger,"Based on the given probabilities and descriptions, I predict the item to be a ""couch"" or a ""chair""."
/content/Dataset_simple_sketch/test/tiger/17858.png,tiger,"Based on the probabilities, I predict the item to be a ""couch"" with a confidence of 0.28841."
/content/Dataset_simple_sketch/test/tiger/17843.png,tiger,"Based on the probabilities, I predict the item to be a ""couch"" with a high probability of 0.57097."
/content/Dataset_simple_sketch/test/pen/11992.png,pen,"Based on the given probabilities and descriptions, I predict the item to be a ""dog""."
/content/Dataset_simple_sketch/test/pen/11984.png,pen,"**Prediction:** Dog

**Reasoning:** The probabilities suggest that the item in the image is a dog, with a high probability of 0.05114. The description provided also matches with the image, mentioning a line drawing of a dog."
/content/Dataset_simple_sketch/test/pen/11941.png,pen,"Based on the probabilities and descriptions, I predict the item to be a ""dog""."
/content/Dataset_simple_sketch/test/pen/11943.png,pen,DOG
/content/Dataset_simple_sketch/test/pen/11966.png,pen,"Based on the probabilities and descriptions, I predict the item to be a ""dog""."
/content/Dataset_simple_sketch/test/pen/11967.png,pen,"Based on the probabilities and descriptions, I predict the item to be a ""dog""."
/content/Dataset_simple_sketch/test/pen/11975.png,pen,"Based on the probabilities and descriptions, I predict the item to be a ""dog""."
/content/Dataset_simple_sketch/test/pen/11933.png,pen,"Based on the probabilities, I predict the item to be a ""dog""."
/content/Dataset_simple_sketch/test/pen/11985.png,pen,"Based on the probabilities, I predict the item to be a ""dog"".

My reasoning is as follows:

* The probabilities show that the item is most likely to be a ""dog"" with a probability of 0.00023, which is the highest among all the categories.
* The description provided is a line drawing of a crocodile, but the probabilities suggest that the item is actually a dog.
* The description does not match the probabilities, which suggests that there may be some error or inconsistency in the description.
* The probabilities are more reliable than the description, and they indicate that the item is a dog.

Therefore, based on the probabilities, I predict that the item is a dog."
/content/Dataset_simple_sketch/test/pen/11930.png,pen,"Based on the probabilities and descriptions, I predict the item to be a ""dog""."
/content/Dataset_simple_sketch/test/pen/11931.png,pen,"I predict the item to be a ""dog""."
/content/Dataset_simple_sketch/test/pen/11927.png,pen,Canine.
/content/Dataset_simple_sketch/test/pen/11973.png,pen,DOG
/content/Dataset_simple_sketch/test/pen/11938.png,pen,**Prediction:** Dog
/content/Dataset_simple_sketch/test/pen/11996.png,pen,"Based on the probabilities and descriptions, I predict the item to be a ""dog"".

Reasoning: The probabilities suggest that the item is a dog, with a high probability of being a dog (0.11701) and a low probability of being any other animal. The description also mentions a ""line drawing of a dog"" and the item serving as a character in a story, which further supports the prediction."
/content/Dataset_simple_sketch/test/pen/11978.png,pen,**Prediction:** Dog
/content/Dataset_simple_sketch/test/bottle opener/2170.png,bottle opener,"**Prediction:** Face

**Reasoning:** The probabilities suggest that the item is a face, which is also confirmed by the description provided. The high probability of ""face"" (0.34761) and the presence of features like eyes, mouth, and nose in the description further support this prediction."
/content/Dataset_simple_sketch/test/bottle opener/2202.png,bottle opener,"Based on the probabilities and descriptions, I predict the item to be: **HEAD**"
/content/Dataset_simple_sketch/test/bottle opener/2222.png,bottle opener,"Based on the given probabilities and descriptions, I predict the item to be: **A Hat**"
/content/Dataset_simple_sketch/test/bottle opener/2215.png,bottle opener,"Based on the probabilities and descriptions, I predict the item to be a ""Face""."
/content/Dataset_simple_sketch/test/bottle opener/2214.png,bottle opener,"Based on the probabilities and descriptions, I predict the item to be a head, specifically a person's head."
/content/Dataset_simple_sketch/test/bottle opener/2179.png,bottle opener,"**Prediction:** ""head"""
/content/Dataset_simple_sketch/test/bottle opener/2224.png,bottle opener,"**Prediction:** Head

**Reasoning:** The probabilities suggest a strong match with the category ""head"". The image description also confirms this, mentioning the outline of a person's head and shoulders, with details such as hair color and facial features."
/content/Dataset_simple_sketch/test/bottle opener/2182.png,bottle opener,"**Prediction:** Head

**Reasoning:** The probability distribution indicates a very high likelihood of the item being a head, with a probability of 0.71871. The description provided also matches this prediction, mentioning a man's face with a slight smirk and squinty eyes."
/content/Dataset_simple_sketch/test/bottle opener/2221.png,bottle opener,"**Prediction:** Head

**Reasoning:** The probabilities indicate that the item is most likely a head, with a confidence score of 0.78134. The description provided also matches this prediction, describing the image as ""a line drawing of a man's head"" with specific details such as the person's head being tilted to the side and their eyes being closed."
/content/Dataset_simple_sketch/test/bottle opener/2231.png,bottle opener,**Prediction:** Face
/content/Dataset_simple_sketch/test/bottle opener/2212.png,bottle opener,"**Prediction:** Head

**Reasoning:** The probabilities indicate that the item is a head, with a high confidence score of 0.0163. The description provided also confirms that it is a line drawing of a man's head, which further supports the prediction."
/content/Dataset_simple_sketch/test/bottle opener/2227.png,bottle opener,"Based on the probabilities, I predict the item to be a ""head"" or a ""face""."
/content/Dataset_simple_sketch/test/bottle opener/2177.png,bottle opener,"**Prediction:** Head

**Reasoning:** The probabilities suggest that the item is a head, with a high confidence score of 0.64193. The description from BLIP-2 also supports this prediction, describing the item as ""a line drawing of a man's face"" with specific details about the smirk and squinty eyes."
/content/Dataset_simple_sketch/test/bottle opener/2191.png,bottle opener,**Prediction:** head
/content/Dataset_simple_sketch/test/bottle opener/2219.png,bottle opener,"Based on the probabilities and descriptions, I predict the item to be a TATTOO DESIGN OF A MAN'S FACE."
/content/Dataset_simple_sketch/test/bottle opener/2166.png,bottle opener,"**Prediction:** Head

**Reasoning:** The probabilities suggest a strong association with the category ""head"", with a probability of 0.33192. The description of the item as an ""outline of a person's head"" further supports this prediction."
/content/Dataset_simple_sketch/test/computer monitor/4547.png,computer monitor,"Based on the probabilities and descriptions, I predict the item to be a ""hot air balloon""."
/content/Dataset_simple_sketch/test/computer monitor/4538.png,computer monitor,Hot air balloon
/content/Dataset_simple_sketch/test/computer monitor/4490.png,computer monitor,"Based on the probabilities and descriptions, I predict the item to be a ""hot air balloon""."
/content/Dataset_simple_sketch/test/computer monitor/4492.png,computer monitor,"Based on the probabilities and descriptions, I predict the item to be a ""hot air balloon""."
/content/Dataset_simple_sketch/test/computer monitor/4508.png,computer monitor,**Prediction:** hot air balloon
/content/Dataset_simple_sketch/test/computer monitor/4497.png,computer monitor,Prediction: hot air balloon
/content/Dataset_simple_sketch/test/computer monitor/4559.png,computer monitor,"Based on the probabilities and descriptions, I predict the item to be a ""hot air balloon""."
/content/Dataset_simple_sketch/test/computer monitor/4505.png,computer monitor,Hot air balloon
/content/Dataset_simple_sketch/test/computer monitor/4522.png,computer monitor,"Based on the probabilities, I predict the item to be a ""hot air balloon""."
/content/Dataset_simple_sketch/test/computer monitor/4501.png,computer monitor,"Based on the given probabilities and descriptions, I predict the item to be a ""hot air balloon""."
/content/Dataset_simple_sketch/test/computer monitor/4513.png,computer monitor,I predict the item to be: `hot air balloon`.
/content/Dataset_simple_sketch/test/computer monitor/4481.png,computer monitor,**Prediction:** hot air balloon
/content/Dataset_simple_sketch/test/computer monitor/4542.png,computer monitor,"""hot air balloon"""
/content/Dataset_simple_sketch/test/computer monitor/4550.png,computer monitor,"Based on the probabilities and descriptions, I predict the item to be a ""hot air balloon""."
/content/Dataset_simple_sketch/test/computer monitor/4535.png,computer monitor,"Prediction: hot air balloon

Reasoning: The probabilities indicate a very high likelihood of the item being a hot air balloon, with a probability of 0.62677. The description from BLIP-2 also confirms this, describing the item as a hot air balloon."
/content/Dataset_simple_sketch/test/computer monitor/4556.png,computer monitor,"""Hot air balloon"""
/content/Dataset_simple_sketch/test/head/8089.png,head,"Based on the probabilities and descriptions, I predict the item to be an ""ice-cream-cone""."
/content/Dataset_simple_sketch/test/head/8142.png,head,**Prediction:** ice-cream-cone
/content/Dataset_simple_sketch/test/head/8093.png,head,"**Prediction:** Ice Cream Cone

**Reasoning:** The probabilities indicate a high confidence in the item being an ""ice-cream-cone"", with a probability of 0.0618. The description provided also supports this prediction, mentioning the cone's spherical shape and its role as a cone-shaped object."
/content/Dataset_simple_sketch/test/head/8108.png,head,"Based on the probabilities and descriptions, I predict the item to be: **ice-cream-cone**"
/content/Dataset_simple_sketch/test/head/8118.png,head,"**Prediction:** `ice-cream-cone`

**Reasoning:** The probabilities provided indicate a very high confidence in the item being an `ice-cream-cone`. The probability of `ice-cream-cone` is 0.96593, which is significantly higher than any other category. The description provided also confirms that the item is an `ice cream cone`, which further supports the prediction."
/content/Dataset_simple_sketch/test/head/8147.png,head,"Based on the given probabilities and descriptions, I predict the item to be: **ice-cream-cone**.

Reasoning: The probabilities indicate a high likelihood of the item being an ice-cream-cone, with a probability of 0.99332. The descriptions also confirm this, mentioning the shape and form of the item as an ""ice cream cone"" and describing its typical use and places where it might be found."
/content/Dataset_simple_sketch/test/head/8109.png,head,Prediction: Ice Cream Cone
/content/Dataset_simple_sketch/test/head/8131.png,head,Prediction: Ice cream cone
/content/Dataset_simple_sketch/test/head/8136.png,head,"Based on the probabilities and descriptions, I predict the item to be:

**Ice Cream Cone**

Reasoning:

* The probability of ""ice-cream-cone"" is extremely high (0.97988), making it the most likely prediction.
* The description provided in the ""Can you describe the shape or form of the item?"" field matches the predicted item, mentioning the cone-shaped structure.
* The image path and category also support this prediction, as the image is labeled as an ""ice-cream-cone"" and the path suggests it's a test image for the ""ice-cream-cone"" category."
/content/Dataset_simple_sketch/test/head/8146.png,head,Prediction: ice-cream-cone
/content/Dataset_simple_sketch/test/head/8159.png,head,"Based on the given probabilities and descriptions, I predict the item to be an ""ice-cream-cone""."
/content/Dataset_simple_sketch/test/head/8148.png,head,"Based on the probabilities and descriptions, I predict the item to be:

**Ice Cream Cone**

My reasoning is as follows:

1. The highest probability is assigned to the category ""ice-cream-cone"", which suggests that the item is indeed an ice cream cone.
2. The description provided mentions the shape of the item being a cone, which matches the prediction.
3. The context of the image suggests that the item is typically obtained from an ice cream shop and is often found or used in ice cream parlors."
/content/Dataset_simple_sketch/test/head/8098.png,head,"""ice-cream-cone"""
/content/Dataset_simple_sketch/test/head/8119.png,head,The answer is: Ice Cream Cone
/content/Dataset_simple_sketch/test/head/8150.png,head,"Based on the probabilities, I predict the item to be an ""ice-cream-cone""."
/content/Dataset_simple_sketch/test/head/8105.png,head,Prediction: Ice Cream Cone
/content/Dataset_simple_sketch/test/scorpion/14432.png,scorpion,Mailbox.
/content/Dataset_simple_sketch/test/scorpion/14434.png,scorpion,"**Prediction:** Mailbox

**Reasoning:** The probabilities provided suggest that the item is a mailbox, with a high confidence score of 0.86229. The description provided also confirms this, mentioning a door on the side of the box and its role as a mail box. The other probabilities are relatively low, indicating that the model is confident in its prediction."
/content/Dataset_simple_sketch/test/scorpion/14444.png,scorpion,"Based on the probabilities and descriptions, I predict the item to be a ""mailbox""."
/content/Dataset_simple_sketch/test/scorpion/14407.png,scorpion,Mailbox
/content/Dataset_simple_sketch/test/scorpion/14456.png,scorpion,Mailbox.
/content/Dataset_simple_sketch/test/scorpion/14455.png,scorpion,Mailbox
/content/Dataset_simple_sketch/test/scorpion/14409.png,scorpion,"""Mailbox"""
/content/Dataset_simple_sketch/test/scorpion/14424.png,scorpion,Mailbox.
/content/Dataset_simple_sketch/test/scorpion/14465.png,scorpion,Mailbox
/content/Dataset_simple_sketch/test/scorpion/14479.png,scorpion,Mailbox.
/content/Dataset_simple_sketch/test/scorpion/14475.png,scorpion,Mailbox.
/content/Dataset_simple_sketch/test/scorpion/14438.png,scorpion,"Based on the probabilities and descriptions, I predict the item to be a ""mailbox""."
/content/Dataset_simple_sketch/test/scorpion/14404.png,scorpion,"Based on the probabilities and descriptions, I predict the item to be a **Mailbox**."
/content/Dataset_simple_sketch/test/scorpion/14416.png,scorpion,"Based on the probabilities and descriptions, I predict the item to be a ""flag""."
/content/Dataset_simple_sketch/test/scorpion/14440.png,scorpion,**Prediction:** Mailbox
/content/Dataset_simple_sketch/test/scorpion/14402.png,scorpion,"Based on the probabilities and descriptions, I predict the item to be a **Mailbox**."
/content/Dataset_simple_sketch/test/cabinet/2886.png,cabinet,**Prediction:** Megaphone
/content/Dataset_simple_sketch/test/cabinet/2956.png,cabinet,"""Megaphone"""
/content/Dataset_simple_sketch/test/cabinet/2919.png,cabinet,"Based on the given probabilities, I predict the item to be a ""megaphone"" with a confidence score of 0.65073."
/content/Dataset_simple_sketch/test/cabinet/2930.png,cabinet,"Based on the probabilities and descriptions, I predict the item to be a ""megaphone""."
/content/Dataset_simple_sketch/test/cabinet/2947.png,cabinet,"Based on the probabilities and descriptions, I predict the item to be a ""megaphone""."
/content/Dataset_simple_sketch/test/cabinet/2903.png,cabinet,"Based on the probabilities and descriptions, I predict the item to be a megaphone."
/content/Dataset_simple_sketch/test/cabinet/2907.png,cabinet,"Based on the probabilities and descriptions, I predict the item to be a **megaphone**."
/content/Dataset_simple_sketch/test/cabinet/2928.png,cabinet,I predict the item to be: **megaphone**
/content/Dataset_simple_sketch/test/cabinet/2902.png,cabinet,"Based on the given probabilities and descriptions, I predict the item to be a ""megaphone""."
/content/Dataset_simple_sketch/test/cabinet/2921.png,cabinet,"Based on the probabilities and descriptions, I predict the item to be a **megaphone**."
/content/Dataset_simple_sketch/test/cabinet/2908.png,cabinet,Megaphone
/content/Dataset_simple_sketch/test/cabinet/2932.png,cabinet,"""Megaphone"""
/content/Dataset_simple_sketch/test/cabinet/2959.png,cabinet,"Based on the given probabilities and descriptions, I predict the item to be a **megaphone**.

The probabilities suggest that the item is most likely a megaphone, with a high probability of 0.13543. The descriptions also match with the shape and form of a megaphone, which is a spherical shape with a slit in the middle and a hole at the top. Additionally, the descriptions mention the role of the item as a syringe, which is not a typical use for a megaphone, but it could be a creative or artistic representation of the item."
/content/Dataset_simple_sketch/test/cabinet/2911.png,cabinet,"Based on the probabilities and descriptions, I predict the item to be a **Megaphone**."
/content/Dataset_simple_sketch/test/cabinet/2892.png,cabinet,"Based on the probabilities and descriptions, I predict the item to be a ""megaphone""."
/content/Dataset_simple_sketch/test/cabinet/2926.png,cabinet,"Based on the probabilities and descriptions, I predict the item to be a ""megaphone""."
/content/Dataset_simple_sketch/test/strawberry/16445.png,strawberry,"Based on the probabilities and descriptions, I predict the item to be a ""pen""."
/content/Dataset_simple_sketch/test/strawberry/16417.png,strawberry,Pen
/content/Dataset_simple_sketch/test/strawberry/16458.png,strawberry,"**Prediction:** `pen`

**Reasoning:** The probabilities indicate that the item is a `pen` with a high confidence score of 0.97421. The description provided also matches this prediction, mentioning a ""line drawing of a pen on a white background"" and a ""writing utensil"" role."
/content/Dataset_simple_sketch/test/strawberry/16439.png,strawberry,**Prediction:** pen
/content/Dataset_simple_sketch/test/strawberry/16442.png,strawberry,"Based on the probabilities and descriptions, I predict the item to be a ""pen""."
/content/Dataset_simple_sketch/test/strawberry/16447.png,strawberry,"My prediction is: ""pen"""
/content/Dataset_simple_sketch/test/strawberry/16433.png,strawberry,"Based on the probabilities and descriptions, I predict the item to be a pen."
/content/Dataset_simple_sketch/test/strawberry/16422.png,strawberry,"Based on the probabilities and descriptions, I predict the item to be a ""pen""."
/content/Dataset_simple_sketch/test/strawberry/16426.png,strawberry,"Based on the probabilities and descriptions, I predict the item to be a ""pen""."
/content/Dataset_simple_sketch/test/strawberry/16449.png,strawberry,"Based on the given probabilities and the description from BLIP-2, I predict the item to be a ""pen""."
/content/Dataset_simple_sketch/test/strawberry/16480.png,strawberry,**Prediction:** Pen
/content/Dataset_simple_sketch/test/strawberry/16464.png,strawberry,**Prediction:** Pen
/content/Dataset_simple_sketch/test/strawberry/16430.png,strawberry,The prediction is: `pen`.
/content/Dataset_simple_sketch/test/strawberry/16466.png,strawberry,"Based on the probabilities and descriptions, I predict the item to be a **pen**."
/content/Dataset_simple_sketch/test/strawberry/16443.png,strawberry,"Based on the probabilities and descriptions, I predict the item to be a **pen**."
/content/Dataset_simple_sketch/test/strawberry/16401.png,strawberry,**Prediction:** pen
/content/Dataset_simple_sketch/test/boomerang/2115.png,boomerang,Crab.
/content/Dataset_simple_sketch/test/boomerang/2122.png,boomerang,"Based on the probabilities and descriptions, I predict the item to be a **scorpion**."
/content/Dataset_simple_sketch/test/boomerang/2138.png,boomerang,"Based on the probabilities, I predict the item to be a ""scorpion""."
/content/Dataset_simple_sketch/test/boomerang/2106.png,boomerang,"""Scorpion"""
/content/Dataset_simple_sketch/test/boomerang/2121.png,boomerang,"Based on the probabilities, I predict the item to be a ""scorpion"" with a high confidence score of 0.52316."
/content/Dataset_simple_sketch/test/boomerang/2154.png,boomerang,**Prediction:** Scorpion
/content/Dataset_simple_sketch/test/boomerang/2109.png,boomerang,"Based on the probabilities and descriptions, I predict the item to be a **scorpion**."
/content/Dataset_simple_sketch/test/boomerang/2082.png,boomerang,"Based on the probabilities and descriptions, I predict the item to be a **scorpion**."
/content/Dataset_simple_sketch/test/boomerang/2144.png,boomerang,"Based on the probabilities and descriptions, I predict the item to be a scorpion."
/content/Dataset_simple_sketch/test/boomerang/2114.png,boomerang,"Based on the probabilities and descriptions, I predict the item to be a ""scorpion""."
/content/Dataset_simple_sketch/test/boomerang/2146.png,boomerang,Scorpion
/content/Dataset_simple_sketch/test/boomerang/2124.png,boomerang,"Based on the probabilities and descriptions, I predict the item to be a **Scorpion**."
/content/Dataset_simple_sketch/test/boomerang/2095.png,boomerang,"Based on the probabilities and descriptions, I predict the item to be a scorpion."
/content/Dataset_simple_sketch/test/boomerang/2087.png,boomerang,"Based on the probabilities and descriptions, I predict the item to be a **Scorpion**."
/content/Dataset_simple_sketch/test/boomerang/2139.png,boomerang,"Based on the probabilities and descriptions, I predict the item to be a ""Scorpion""."
/content/Dataset_simple_sketch/test/boomerang/2129.png,boomerang,"Based on the given probabilities and descriptions, I predict the item to be a scorpion."
/content/Dataset_simple_sketch/test/axe/657.png,axe,Space
/content/Dataset_simple_sketch/test/axe/690.png,axe,I predict the item to be: **space shuttle**
/content/Dataset_simple_sketch/test/axe/649.png,axe,"Based on the given probabilities and descriptions, I predict the item to be a ""space shuttle""."
/content/Dataset_simple_sketch/test/axe/693.png,axe,"Based on the probabilities and descriptions, I predict the item to be a ""Space Shuttle""."
/content/Dataset_simple_sketch/test/axe/694.png,axe,"""Space shuttle"""
/content/Dataset_simple_sketch/test/axe/696.png,axe,"Based on the probabilities and descriptions, I predict the item to be a ""space shuttle""."
/content/Dataset_simple_sketch/test/axe/645.png,axe,"Based on the probabilities and descriptions, I predict the item to be a ""Space Shuttle""."
/content/Dataset_simple_sketch/test/axe/719.png,axe,"**Prediction:** Space Shuttle

**Reasoning:** The probabilities indicate a high likelihood of the item being a space shuttle, with a probability of 0.99959. The description provided further confirms this, mentioning a ""spacecraft in the middle of the image"" and a ""rocket in the middle of the image"", which matches the shape and form described as a ""line drawing of a rocket""."
/content/Dataset_simple_sketch/test/axe/659.png,axe,"Based on the probabilities and descriptions, I predict the item to be a **Space Shuttle**."
/content/Dataset_simple_sketch/test/axe/700.png,axe,"""Space Shuttle"""
/content/Dataset_simple_sketch/test/axe/651.png,axe,Space
/content/Dataset_simple_sketch/test/axe/692.png,axe,**Prediction:** Space Shuttle
/content/Dataset_simple_sketch/test/axe/713.png,axe,"Based on the probabilities and descriptions, I predict the item to be a ""Space Shuttle""."
/content/Dataset_simple_sketch/test/axe/650.png,axe,"Based on the given probabilities and descriptions, I predict the item to be a ""space shuttle""."
/content/Dataset_simple_sketch/test/axe/668.png,axe,Space
/content/Dataset_simple_sketch/test/axe/720.png,axe,"Based on the probabilities and descriptions, I predict the item to be a **Space Shuttle**."
/content/Dataset_simple_sketch/test/suv/16856.png,suv,"Based on the probabilities and descriptions, I predict the item to be a ""stapler""."
/content/Dataset_simple_sketch/test/suv/16874.png,suv,**Prediction:** stapler
/content/Dataset_simple_sketch/test/suv/16852.png,suv,"Based on the probabilities and descriptions, I predict the item to be a **stapler**."
/content/Dataset_simple_sketch/test/suv/16808.png,suv,**Prediction:** stapler
/content/Dataset_simple_sketch/test/suv/16806.png,suv,"Based on the probabilities and descriptions, I predict the item to be a **stapler**."
/content/Dataset_simple_sketch/test/suv/16861.png,suv,"Based on the probabilities and descriptions, I predict the item to be a ""stapler""."
/content/Dataset_simple_sketch/test/suv/16841.png,suv,"**Prediction:** `stapler`

**Reasoning:** The input probabilities indicate a high confidence in the item being a `stapler` (0.31695), with a significant gap between the top two predictions. The description provided also confirms the item's identity as a `stapler`, mentioning its handle and blade."
/content/Dataset_simple_sketch/test/suv/16847.png,suv,"""stapler"""
/content/Dataset_simple_sketch/test/suv/16865.png,suv,"Based on the probabilities and descriptions, I predict the item to be a ""stapler""."
/content/Dataset_simple_sketch/test/suv/16854.png,suv,"Based on the probabilities and descriptions, I predict the item to be a ""stapler""."
/content/Dataset_simple_sketch/test/suv/16801.png,suv,Stapler
/content/Dataset_simple_sketch/test/suv/16804.png,suv,**Prediction:** Stapler
/content/Dataset_simple_sketch/test/suv/16813.png,suv,**Prediction:** stapler
/content/Dataset_simple_sketch/test/suv/16873.png,suv,"Based on the probabilities and descriptions, I predict the item to be a **HAT**."
/content/Dataset_simple_sketch/test/suv/16878.png,suv,"Based on the probabilities and descriptions, I predict the item to be a ""stapler""."
/content/Dataset_simple_sketch/test/suv/16809.png,suv,**Prediction:** stapler
/content/Dataset_simple_sketch/test/chandelier/4120.png,chandelier,"**Prediction:** Strawberry

**Reasoning:** The probabilities provided indicate that the item is a strawberry, with a high confidence score of 0.99935. The description from BLIP-2 also confirms that the item is a strawberry, mentioning its shape, color, and typical places where it might be found or used."
/content/Dataset_simple_sketch/test/chandelier/4132.png,chandelier,"Based on the probabilities and descriptions, I predict the item to be a ""strawberry""."
/content/Dataset_simple_sketch/test/chandelier/4156.png,chandelier,Strawberry
/content/Dataset_simple_sketch/test/chandelier/4137.png,chandelier,"Based on the probabilities and descriptions, I predict the item to be a ""strawberry""."
/content/Dataset_simple_sketch/test/chandelier/4123.png,chandelier,"**Prediction:** strawberry

**Reasoning:** The input probabilities suggest that the item is most likely a strawberry, with a probability of 0.75485. The description provided also confirms this, mentioning a ""heart shaped strawberry"" and describing the item as a ""fruit or vegetable""."
/content/Dataset_simple_sketch/test/chandelier/4152.png,chandelier,**Prediction:** strawberry
/content/Dataset_simple_sketch/test/chandelier/4115.png,chandelier,"""Strawberry"""
/content/Dataset_simple_sketch/test/chandelier/4153.png,chandelier,Strawberry
/content/Dataset_simple_sketch/test/chandelier/4097.png,chandelier,Fruit.
/content/Dataset_simple_sketch/test/chandelier/4082.png,chandelier,I predict the item to be: Strawberry
/content/Dataset_simple_sketch/test/chandelier/4133.png,chandelier,**Prediction:** strawberry
/content/Dataset_simple_sketch/test/chandelier/4103.png,chandelier,The answer is: strawberry
/content/Dataset_simple_sketch/test/chandelier/4104.png,chandelier,"Based on the probabilities and descriptions, I predict the item to be a ""strawberry""."
/content/Dataset_simple_sketch/test/chandelier/4127.png,chandelier,Fruit
/content/Dataset_simple_sketch/test/chandelier/4098.png,chandelier,"Based on the probabilities and descriptions, I predict the item to be a ""strawberry""."
/content/Dataset_simple_sketch/test/chandelier/4148.png,chandelier,"Based on the probabilities, I predict the item to be a strawberry."
/content/Dataset_simple_sketch/test/ice-cream-cone/8990.png,ice-cream-cone,"""submarine"""
/content/Dataset_simple_sketch/test/ice-cream-cone/8997.png,ice-cream-cone,"""Submarine"""
/content/Dataset_simple_sketch/test/ice-cream-cone/8963.png,ice-cream-cone,The prediction is: **submarine**
/content/Dataset_simple_sketch/test/ice-cream-cone/9034.png,ice-cream-cone,"Based on the probabilities, I predict the item to be a ""submarine""."
/content/Dataset_simple_sketch/test/ice-cream-cone/8983.png,ice-cream-cone,**Prediction:** Submarine
/content/Dataset_simple_sketch/test/ice-cream-cone/8974.png,ice-cream-cone,**Prediction:** Submarine
/content/Dataset_simple_sketch/test/ice-cream-cone/8995.png,ice-cream-cone,"**Prediction:** Submarine

**Reasoning:** The input probabilities indicate a strong match with the category ""submarine"" (0.11366), which is the highest among all categories. Additionally, the description provided mentions a ""drawing of a squid"" and ""aquariums"", which are not typical environments for a submarine. Therefore, based on the probabilities and the description, I predict that the item is a submarine."
/content/Dataset_simple_sketch/test/ice-cream-cone/8965.png,ice-cream-cone,**Prediction:** Submarine
/content/Dataset_simple_sketch/test/ice-cream-cone/9012.png,ice-cream-cone,"Based on the probabilities and descriptions, I predict the item to be a ""submarine""."
/content/Dataset_simple_sketch/test/ice-cream-cone/8969.png,ice-cream-cone,**Prediction:** Submarine
/content/Dataset_simple_sketch/test/ice-cream-cone/9031.png,ice-cream-cone,"Based on the probabilities and descriptions, I predict the item to be a **submarine**."
/content/Dataset_simple_sketch/test/ice-cream-cone/9030.png,ice-cream-cone,**Prediction:** Submarine
/content/Dataset_simple_sketch/test/ice-cream-cone/9017.png,ice-cream-cone,**Prediction:** Submarine
/content/Dataset_simple_sketch/test/ice-cream-cone/9011.png,ice-cream-cone,Prediction: Submarine
/content/Dataset_simple_sketch/test/ice-cream-cone/8970.png,ice-cream-cone,"Based on the probabilities and descriptions, I predict the item to be a ""submarine""."
/content/Dataset_simple_sketch/test/ice-cream-cone/9018.png,ice-cream-cone,"Based on the given probabilities and descriptions, I predict the item to be a **submarine**."
/content/Dataset_simple_sketch/test/apple/399.png,apple,"Based on the probabilities and description, I predict the item to be a ""car""."
/content/Dataset_simple_sketch/test/apple/338.png,apple,Vehicle
/content/Dataset_simple_sketch/test/apple/363.png,apple,"Based on the probabilities and descriptions, I predict the item to be a ""suv""."
/content/Dataset_simple_sketch/test/apple/355.png,apple,"I predict the item to be a ""Car (Sedan)""."
/content/Dataset_simple_sketch/test/apple/369.png,apple,**Prediction:** SUV
/content/Dataset_simple_sketch/test/apple/337.png,apple,"""Vehicle"""
/content/Dataset_simple_sketch/test/apple/335.png,apple,"Based on the probabilities and descriptions, I predict the item to be a ""banana""."
/content/Dataset_simple_sketch/test/apple/364.png,apple,"Based on the probabilities and descriptions, I predict the item to be a ""suv"" or a ""pickup truck"", specifically a Chevrolet Silverado."
/content/Dataset_simple_sketch/test/apple/327.png,apple,Car
/content/Dataset_simple_sketch/test/apple/361.png,apple,"Based on the probabilities and descriptions, I predict the item to be a ""SUV""."
/content/Dataset_simple_sketch/test/apple/383.png,apple,"Based on the probabilities and descriptions, I predict the item to be a ""car""."
/content/Dataset_simple_sketch/test/apple/379.png,apple,"**Prediction:** `suv`

**Reasoning:** The input probabilities indicate a high likelihood of the item being a `suv` (0.15794), which is further confirmed by the description provided. The description mentions a ""line drawing of a car"" with a small circle in the middle, which matches the characteristics of a `suv`."
/content/Dataset_simple_sketch/test/apple/323.png,apple,Vehicle.
/content/Dataset_simple_sketch/test/apple/368.png,apple,"""Suv"""
/content/Dataset_simple_sketch/test/apple/339.png,apple,"Based on the given probabilities and descriptions, I predict the item to be a **SUV**."
/content/Dataset_simple_sketch/test/apple/400.png,apple,"**Prediction:** SUV

**Reasoning:** The probabilities suggest that the item in the image is a type of vehicle, and the description provided confirms this. The shape or form of the item is described as a VW camper van, which is a type of SUV. Additionally, the role of the item in the image is explicitly stated as a vehicle, which further supports this prediction."
/content/Dataset_simple_sketch/test/megaphone/10195.png,megaphone,Table
/content/Dataset_simple_sketch/test/megaphone/10198.png,megaphone,"""Table"""
/content/Dataset_simple_sketch/test/megaphone/10214.png,megaphone,"Based on the probabilities, I predict the item to be a ""bench"".

The highest probability is assigned to ""bench"" (0.18201), which is a strong indication of the item's identity. Additionally, the description from BLIP-2, which mentions a ""line drawing of a bench"", further supports this prediction."
/content/Dataset_simple_sketch/test/megaphone/10190.png,megaphone,**Prediction:** Table
/content/Dataset_simple_sketch/test/megaphone/10178.png,megaphone,"Based on the probabilities and descriptions, I predict the item to be a ""table""."
/content/Dataset_simple_sketch/test/megaphone/10219.png,megaphone,**Prediction:** Table
/content/Dataset_simple_sketch/test/megaphone/10213.png,megaphone,"Based on the probabilities and descriptions, I predict the item to be a ""table""."
/content/Dataset_simple_sketch/test/megaphone/10237.png,megaphone,"**Prediction:** `table`

**Reasoning:** The highest probability is assigned to the category ""table"" (0.49401), which is the most likely explanation for the given image. The description provided in the ""Can you describe the shape or form of the item?"" field also supports this prediction, as it mentions a ""line drawing of a table"" with a specific shape."
/content/Dataset_simple_sketch/test/megaphone/10211.png,megaphone,**Table**
/content/Dataset_simple_sketch/test/megaphone/10197.png,megaphone,"Based on the probabilities and descriptions, I predict the item to be a ""table""."
/content/Dataset_simple_sketch/test/megaphone/10184.png,megaphone,"Based on the probabilities and descriptions, I predict the item to be a ""table""."
/content/Dataset_simple_sketch/test/megaphone/10171.png,megaphone,**Table**
/content/Dataset_simple_sketch/test/megaphone/10164.png,megaphone,"The answer is: ""table"""
/content/Dataset_simple_sketch/test/megaphone/10169.png,megaphone,"I predict the item to be: ""table"".

Reasoning: The probabilities given are {'table': 0.98524, 'chair': 0.00726,...}, which clearly indicates that the item in the image is a table. The description from BLIP-2 also confirms this, stating that the item is a piece of furniture and a line drawing of a table."
/content/Dataset_simple_sketch/test/megaphone/10180.png,megaphone,**Prediction:** Table
/content/Dataset_simple_sketch/test/megaphone/10167.png,megaphone,"Based on the probabilities and descriptions, I predict the item to be a **table**."
/content/Dataset_simple_sketch/test/couch/4648.png,couch,Tiger
/content/Dataset_simple_sketch/test/couch/4658.png,couch,"Based on the probabilities and descriptions, I predict the item to be a ""tiger""."
/content/Dataset_simple_sketch/test/couch/4641.png,couch,"Based on the given probabilities and descriptions, I predict the item to be a ""tiger""."
/content/Dataset_simple_sketch/test/couch/4671.png,couch,"Based on the probabilities and descriptions, I predict the item to be a **Tiger's Head**."
/content/Dataset_simple_sketch/test/couch/4704.png,couch,"Based on the probabilities and descriptions, I predict the item to be a **TIGER**."
/content/Dataset_simple_sketch/test/couch/4694.png,couch,"**Prediction:** Tiger

**Reasoning:** The input image is a line drawing of a zebra, but the probabilities suggest that the model is actually confident that the image is of a tiger. The probability of the image being a tiger is 0.35795, which is the highest among all the categories. The description of the image as ""a line drawing of a zebra"" is likely a mistake or a misinterpretation, and the model's prediction is more accurate."
/content/Dataset_simple_sketch/test/couch/4651.png,couch,"Based on the probabilities and descriptions, I predict the item to be a ""Tiger""."
/content/Dataset_simple_sketch/test/couch/4644.png,couch,The answer is: Tiger
/content/Dataset_simple_sketch/test/couch/4666.png,couch,"Based on the probabilities and descriptions, I predict the item to be a ""tiger""."
/content/Dataset_simple_sketch/test/couch/4653.png,couch,TIGER
/content/Dataset_simple_sketch/test/couch/4672.png,couch,"Based on the probabilities, I predict the item to be a ""tiger""."
/content/Dataset_simple_sketch/test/couch/4656.png,couch,"Based on the probabilities and descriptions, I predict the item to be a **TIGER**."
/content/Dataset_simple_sketch/test/couch/4693.png,couch,"Based on the probabilities and descriptions, I predict the item to be a ""Tiger""."
/content/Dataset_simple_sketch/test/couch/4683.png,couch,"Based on the probabilities and descriptions, I predict the item to be a **TIGER**."
/content/Dataset_simple_sketch/test/couch/4707.png,couch,**Tiger**
/content/Dataset_simple_sketch/test/couch/4675.png,couch,My answer is: Tiger
/content/Dataset_simple_sketch/test/space shuttle/15762.png,space shuttle,"My prediction is: `train`

Reasoning: The probabilities suggest that the item is a train, with a high probability of 0.2543. The description from BLIP-2 also confirms this, mentioning a ""line drawing of a train"" and describing the item as a train."
/content/Dataset_simple_sketch/test/space shuttle/15782.png,space shuttle,"Based on the probabilities and descriptions, I predict the item to be a ""train""."
/content/Dataset_simple_sketch/test/space shuttle/15836.png,space shuttle,"Based on the probabilities and description, I predict the item to be a ""Toy Train""."
/content/Dataset_simple_sketch/test/space shuttle/15822.png,space shuttle,"**Prediction:** Train

**Reasoning:** The highest probability in the input dictionary is 'train' with a value of 0.44193, which strongly suggests that the item in the image is a train. The description provided in the 'Category' key also confirms this prediction."
/content/Dataset_simple_sketch/test/space shuttle/15826.png,space shuttle,"Based on the probabilities and descriptions, I predict the item to be a ""boat""."
/content/Dataset_simple_sketch/test/space shuttle/15779.png,space shuttle,"I predict the item to be: **Train**

Reasoning: The probabilities suggest that the item is a train, which is also confirmed by the description provided, which mentions a ""doodle drawing of a train on a white background"". The category is also labeled as ""train"", further supporting this prediction."
/content/Dataset_simple_sketch/test/space shuttle/15785.png,space shuttle,"Based on the probabilities, I predict the item to be a ""train""."
/content/Dataset_simple_sketch/test/space shuttle/15823.png,space shuttle,"**Prediction:** Train

**Reasoning:** The probabilities suggest that the item is a train, with a high probability of 0.73627. The description provided also supports this prediction, as it is a line drawing of a steam locomotive on a white background."
/content/Dataset_simple_sketch/test/space shuttle/15809.png,space shuttle,"**Prediction:** Train

**Reasoning:** The probability distribution suggests that the item is most likely a ""train"" with a high confidence score of 0.91536. The description provided further supports this prediction, mentioning a ""drawing of a train on a white background"" and a ""train"" as the item in the image."
/content/Dataset_simple_sketch/test/space shuttle/15796.png,space shuttle,"Based on the probabilities, I predict the item to be a ""train""."
/content/Dataset_simple_sketch/test/space shuttle/15834.png,space shuttle,"Based on the probabilities, I predict the item to be a ""train""."
/content/Dataset_simple_sketch/test/space shuttle/15800.png,space shuttle,"Based on the probabilities and description, I predict the item to be a ""train""."
/content/Dataset_simple_sketch/test/space shuttle/15794.png,space shuttle,"Based on the probabilities and descriptions, I predict the item to be a **train**."
/content/Dataset_simple_sketch/test/space shuttle/15799.png,space shuttle,"**Prediction:** Train

**Reasoning:** The probabilities indicate a high confidence in the item being a train, with a probability of 0.93096. The description provided also confirms this, mentioning a train on the tracks."
/content/Dataset_simple_sketch/test/space shuttle/15804.png,space shuttle,"Based on the probabilities and descriptions, I predict the item to be a **Train**."
/content/Dataset_simple_sketch/test/space shuttle/15810.png,space shuttle,"Based on the probabilities and descriptions, I predict the item to be a **train**."
/content/Dataset_simple_sketch/test/dog/5285.png,dog,"Based on the probabilities and descriptions, I predict the item to be a ""wheelbarrow""."
/content/Dataset_simple_sketch/test/dog/5284.png,dog,Predicted item: wheelbarrow
/content/Dataset_simple_sketch/test/dog/5358.png,dog,Wheelbarrow
/content/Dataset_simple_sketch/test/dog/5341.png,dog,"Based on the probabilities and descriptions, I predict the item to be a ""wheelbarrow""."
/content/Dataset_simple_sketch/test/dog/5301.png,dog,"Based on the given probabilities, I predict the item to be a ""wheelbarrow""."
/content/Dataset_simple_sketch/test/dog/5316.png,dog,Wheelbarrow
/content/Dataset_simple_sketch/test/dog/5305.png,dog,"Based on the probabilities and descriptions, I predict the item to be a ""wheelbarrow""."
/content/Dataset_simple_sketch/test/dog/5289.png,dog,Wheelbarrow
/content/Dataset_simple_sketch/test/dog/5310.png,dog,Wheelbarrow.
/content/Dataset_simple_sketch/test/dog/5340.png,dog,"**Prediction:** wheelbarrow

**Reasoning:** The probabilities suggest that the item in the image is a wheelbarrow, with a high confidence score of 0.97451. The description provided also matches the characteristics of a wheelbarrow, mentioning handles on the front and back, which further supports this prediction."
/content/Dataset_simple_sketch/test/dog/5308.png,dog,"Based on the probabilities and descriptions, I predict the item to be a **wheelbarrow**."
/content/Dataset_simple_sketch/test/dog/5315.png,dog,"Based on the probabilities and descriptions, I predict the item to be a **wheelbarrow**."
/content/Dataset_simple_sketch/test/dog/5349.png,dog,"Based on the probabilities and descriptions, I predict the item to be a ""wheelbarrow""."
/content/Dataset_simple_sketch/test/dog/5287.png,dog,Prediction: wheelbarrow
/content/Dataset_simple_sketch/test/dog/5303.png,dog,"Based on the given probabilities and descriptions, I predict the item to be a ""wheelbarrow""."
/content/Dataset_simple_sketch/test/dog/5317.png,dog,Wheelbarrow.